Suite/Test/Step Name,Browser,Description,Tag,Start time,End time,Duration,Status
Electronics and Gadgets,,Checking out several Baby Gear items,,2022-07-09 23:53:45,2022-07-10 00:02:13,8m - 28.028s,FAILED
,,,,,,,
Test Cases/Checkout/Electronics and Gadgets/CEG_001,,Checking out Humidifier in Electronics and Gadgets Category,,2022-07-09 23:53:46,2022-07-09 23:54:57,1m - 11.299s,FAILED
"startApplication(""C:\Users\095068\Documents\Automation Testing with Katalon Studio\Sesi 10\Assesment3_F.X. Airell V.S.W._KSAT006ONL013\Demo EComerce\APK\ECommerce -SAMPLE-Android.apk"", true)",,,,2022-07-09 23:53:46,2022-07-09 23:54:09,23.297s,PASSED
"waitForElementPresent(findTestObject(""Home/btn_Category""), 0)",,,,2022-07-09 23:54:09,2022-07-09 23:54:10,0.819s,PASSED
delay(10),,,,2022-07-09 23:54:10,2022-07-09 23:54:20,10.074s,PASSED
"tap(findTestObject(""Home/btn_Category""), 0)",,,,2022-07-09 23:54:20,2022-07-09 23:54:21,0.560s,PASSED
delay(5),,,,2022-07-09 23:54:21,2022-07-09 23:54:26,5.008s,PASSED
"tap(findTestObject(""Category/btn_Electronics and Gadgets""), 0)",,,,2022-07-09 23:54:26,2022-07-09 23:54:57,31.031s,FAILED
,,,,,,,
Test Cases/Checkout/Electronics and Gadgets/CEG_002,,Checking out Smartphone in Electronics and Gadgets Category,,2022-07-09 23:54:57,2022-07-09 23:56:49,1m - 51.737s,PASSED
"startApplication(""C:\Users\095068\Documents\Automation Testing with Katalon Studio\Sesi 10\Assesment3_F.X. Airell V.S.W._KSAT006ONL013\Demo EComerce\APK\ECommerce -SAMPLE-Android.apk"", true)",,,,2022-07-09 23:54:57,2022-07-09 23:55:15,17.196s,PASSED
"waitForElementPresent(findTestObject(""Home/btn_Category""), 0)",,,,2022-07-09 23:55:15,2022-07-09 23:55:17,2.893s,PASSED
delay(10),,,,2022-07-09 23:55:17,2022-07-09 23:55:27,10.007s,PASSED
"tap(findTestObject(""Home/btn_Category""), 0)",,,,2022-07-09 23:55:27,2022-07-09 23:55:28,0.225s,PASSED
delay(5),,,,2022-07-09 23:55:28,2022-07-09 23:55:33,5.006s,PASSED
"tap(findTestObject(""Category/btn_Electronics and Gadgets""), 0)",,,,2022-07-09 23:55:33,2022-07-09 23:55:33,0.196s,PASSED
delay(5),,,,2022-07-09 23:55:33,2022-07-09 23:55:38,5.007s,PASSED
"tap(findTestObject(""Electronics and Gadgets/btn_Smartphone""), 0)",,,,2022-07-09 23:55:38,2022-07-09 23:55:38,0.241s,PASSED
delay(5),,,,2022-07-09 23:55:38,2022-07-09 23:55:43,5.011s,PASSED
"tap(findTestObject(""Checkout/btn_Add To Cart""), 0)",,,,2022-07-09 23:55:43,2022-07-09 23:55:44,0.728s,PASSED
delay(5),,,,2022-07-09 23:55:44,2022-07-09 23:55:49,5.008s,PASSED
"setText(findTestObject(""Checkout/txt_Number of Order""), ""1"", 0)",,,,2022-07-09 23:55:49,2022-07-09 23:55:50,0.837s,PASSED
delay(5),,,,2022-07-09 23:55:50,2022-07-09 23:55:55,5.006s,PASSED
"tap(findTestObject(""Checkout/btn_Add Order""), 0)",,,,2022-07-09 23:55:55,2022-07-09 23:55:55,0.244s,PASSED
delay(5),,,,2022-07-09 23:55:55,2022-07-09 23:56:00,5.004s,PASSED
"tap(findTestObject(""Checkout/btn_Cart""), 0)",,,,2022-07-09 23:56:00,2022-07-09 23:56:00,0.287s,PASSED
delay(10),,,,2022-07-09 23:56:00,2022-07-09 23:56:10,10.009s,PASSED
"tap(findTestObject(""Checkout/btn_Checkout""), 0)",,,,2022-07-09 23:56:10,2022-07-09 23:56:10,0.209s,PASSED
delay(10),,,,2022-07-09 23:56:10,2022-07-09 23:56:20,10.008s,PASSED
"tap(findTestObject(""Checkout/btn_Process Checkout (Buy)""), 0)",,,,2022-07-09 23:56:20,2022-07-09 23:56:21,0.276s,PASSED
delay(5),,,,2022-07-09 23:56:21,2022-07-09 23:56:26,5.006s,PASSED
"tap(findTestObject(""Checkout/btn_Yes (Buy)""), 0)",,,,2022-07-09 23:56:26,2022-07-09 23:56:26,0.203s,PASSED
delay(15),,,,2022-07-09 23:56:26,2022-07-09 23:56:41,15.005s,PASSED
"tap(findTestObject(""Checkout/btn_OK""), 0)",,,,2022-07-09 23:56:41,2022-07-09 23:56:41,0.231s,PASSED
delay(5),,,,2022-07-09 23:56:41,2022-07-09 23:56:46,5.008s,PASSED
closeApplication(),,,,2022-07-09 23:56:46,2022-07-09 23:56:49,2.393s,PASSED
,,,,,,,
Test Cases/Checkout/Electronics and Gadgets/CEG_003,,Checking out Smartwatch in Electronics and Gadgets Category,,2022-07-09 23:56:49,2022-07-09 23:59:07,2m - 18.161s,FAILED
"startApplication(""C:\Users\095068\Documents\Automation Testing with Katalon Studio\Sesi 10\Assesment3_F.X. Airell V.S.W._KSAT006ONL013\Demo EComerce\APK\ECommerce -SAMPLE-Android.apk"", true)",,,,2022-07-09 23:56:49,2022-07-09 23:57:10,20.368s,PASSED
"waitForElementPresent(findTestObject(""Home/btn_Category""), 0)",,,,2022-07-09 23:57:10,2022-07-09 23:57:12,2.278s,PASSED
delay(10),,,,2022-07-09 23:57:12,2022-07-09 23:57:22,10.014s,PASSED
"tap(findTestObject(""Home/btn_Category""), 0)",,,,2022-07-09 23:57:22,2022-07-09 23:57:22,0.261s,PASSED
delay(5),,,,2022-07-09 23:57:22,2022-07-09 23:57:27,5.004s,PASSED
"tap(findTestObject(""Category/btn_Electronics and Gadgets""), 0)",,,,2022-07-09 23:57:27,2022-07-09 23:57:27,0.260s,PASSED
delay(5),,,,2022-07-09 23:57:27,2022-07-09 23:57:32,5.006s,PASSED
"tap(findTestObject(""Electronics and Gadgets/btn_Smartwatch""), 0)",,,,2022-07-09 23:57:32,2022-07-09 23:57:33,0.275s,PASSED
delay(5),,,,2022-07-09 23:57:33,2022-07-09 23:57:38,5.005s,PASSED
"tap(findTestObject(""Checkout/btn_Add To Cart""), 0)",,,,2022-07-09 23:57:38,2022-07-09 23:57:38,0.723s,PASSED
delay(5),,,,2022-07-09 23:57:38,2022-07-09 23:57:43,5.009s,PASSED
"setText(findTestObject(""Checkout/txt_Number of Order""), ""1"", 0)",,,,2022-07-09 23:57:43,2022-07-09 23:57:44,0.763s,PASSED
delay(5),,,,2022-07-09 23:57:44,2022-07-09 23:57:49,5.006s,PASSED
"tap(findTestObject(""Checkout/btn_Add Order""), 0)",,,,2022-07-09 23:57:49,2022-07-09 23:57:49,0.165s,PASSED
delay(5),,,,2022-07-09 23:57:49,2022-07-09 23:57:54,5.006s,PASSED
"tap(findTestObject(""Checkout/btn_Cart""), 0)",,,,2022-07-09 23:57:54,2022-07-09 23:57:55,0.217s,PASSED
delay(10),,,,2022-07-09 23:57:55,2022-07-09 23:58:05,10.007s,PASSED
"tap(findTestObject(""Checkout/btn_Checkout""), 0)",,,,2022-07-09 23:58:05,2022-07-09 23:58:05,0.254s,PASSED
delay(10),,,,2022-07-09 23:58:05,2022-07-09 23:58:15,10.008s,PASSED
"tap(findTestObject(""Checkout/btn_Process Checkout (Buy)""), 0)",,,,2022-07-09 23:58:15,2022-07-09 23:58:15,0.244s,PASSED
delay(5),,,,2022-07-09 23:58:15,2022-07-09 23:58:20,5.009s,PASSED
"tap(findTestObject(""Checkout/btn_Yes (Buy)""), 0)",,,,2022-07-09 23:58:20,2022-07-09 23:58:20,0.198s,PASSED
delay(15),,,,2022-07-09 23:58:20,2022-07-09 23:58:35,15.009s,PASSED
"tap(findTestObject(""Checkout/btn_OK""), 0)",,,,2022-07-09 23:58:35,2022-07-09 23:59:07,31.402s,FAILED
,,,,,,,
Test Cases/Checkout/Electronics and Gadgets/CEG_004,,Checking out Speaker in Electronics and Gadgets Category,,2022-07-09 23:59:07,2022-07-10 00:01:07,2m - 0.548s,FAILED
"startApplication(""C:\Users\095068\Documents\Automation Testing with Katalon Studio\Sesi 10\Assesment3_F.X. Airell V.S.W._KSAT006ONL013\Demo EComerce\APK\ECommerce -SAMPLE-Android.apk"", true)",,,,2022-07-09 23:59:08,2022-07-09 23:59:26,18.042s,PASSED
"waitForElementPresent(findTestObject(""Home/btn_Category""), 0)",,,,2022-07-09 23:59:26,2022-07-09 23:59:27,1.849s,PASSED
delay(10),,,,2022-07-09 23:59:27,2022-07-09 23:59:37,10.016s,PASSED
"tap(findTestObject(""Home/btn_Category""), 0)",,,,2022-07-09 23:59:37,2022-07-09 23:59:38,0.288s,PASSED
delay(5),,,,2022-07-09 23:59:38,2022-07-09 23:59:43,5.007s,PASSED
"tap(findTestObject(""Category/btn_Electronics and Gadgets""), 0)",,,,2022-07-09 23:59:43,2022-07-09 23:59:43,0.262s,PASSED
delay(5),,,,2022-07-09 23:59:43,2022-07-09 23:59:48,5.005s,PASSED
"tap(findTestObject(""Electronics and Gadgets/btn_Speaker""), 0)",,,,2022-07-09 23:59:48,2022-07-09 23:59:48,0.336s,PASSED
delay(5),,,,2022-07-09 23:59:48,2022-07-09 23:59:53,5.008s,PASSED
"tap(findTestObject(""Checkout/btn_Add To Cart""), 0)",,,,2022-07-09 23:59:53,2022-07-09 23:59:54,0.747s,PASSED
delay(5),,,,2022-07-09 23:59:54,2022-07-09 23:59:59,5.007s,PASSED
"setText(findTestObject(""Checkout/txt_Number of Order""), ""1"", 0)",,,,2022-07-09 23:59:59,2022-07-10 00:00:00,0.838s,PASSED
delay(5),,,,2022-07-10 00:00:00,2022-07-10 00:00:05,5.006s,PASSED
"tap(findTestObject(""Checkout/btn_Add Order""), 0)",,,,2022-07-10 00:00:05,2022-07-10 00:00:05,0.240s,PASSED
delay(5),,,,2022-07-10 00:00:05,2022-07-10 00:00:10,5.007s,PASSED
"tap(findTestObject(""Checkout/btn_Cart""), 0)",,,,2022-07-10 00:00:10,2022-07-10 00:00:10,0.212s,PASSED
delay(10),,,,2022-07-10 00:00:10,2022-07-10 00:00:20,10.006s,PASSED
"tap(findTestObject(""Checkout/btn_Checkout""), 0)",,,,2022-07-10 00:00:20,2022-07-10 00:00:21,0.209s,PASSED
delay(10),,,,2022-07-10 00:00:21,2022-07-10 00:00:31,10.005s,PASSED
"tap(findTestObject(""Checkout/btn_Process Checkout (Buy)""), 0)",,,,2022-07-10 00:00:31,2022-07-10 00:00:31,0.273s,PASSED
delay(5),,,,2022-07-10 00:00:31,2022-07-10 00:00:36,5.007s,PASSED
"tap(findTestObject(""Checkout/btn_Yes (Buy)""), 0)",,,,2022-07-10 00:00:36,2022-07-10 00:01:07,31.394s,FAILED
,,,,,,,
Test Cases/Checkout/Electronics and Gadgets/CEG_005,,Checking out TV in Electronics and Gadgets Category,,2022-07-10 00:01:07,2022-07-10 00:02:13,1m - 5.836s,FAILED
"startApplication(""C:\Users\095068\Documents\Automation Testing with Katalon Studio\Sesi 10\Assesment3_F.X. Airell V.S.W._KSAT006ONL013\Demo EComerce\APK\ECommerce -SAMPLE-Android.apk"", true)",,,,2022-07-10 00:01:08,2022-07-10 00:01:25,16.496s,PASSED
"waitForElementPresent(findTestObject(""Home/btn_Category""), 0)",,,,2022-07-10 00:01:25,2022-07-10 00:01:27,2.267s,PASSED
delay(10),,,,2022-07-10 00:01:27,2022-07-10 00:01:37,10.006s,PASSED
"tap(findTestObject(""Home/btn_Category""), 0)",,,,2022-07-10 00:01:37,2022-07-10 00:01:37,0.349s,PASSED
delay(5),,,,2022-07-10 00:01:37,2022-07-10 00:01:42,5.009s,PASSED
"tap(findTestObject(""Category/btn_Electronics and Gadgets""), 0)",,,,2022-07-10 00:01:42,2022-07-10 00:02:13,30.918s,FAILED
