Suite/Test/Step Name,Browser,Description,Tag,Start time,End time,Duration,Status
Fashions,,Checking out several Baby Gear items,,2022-07-10 00:03:52,2022-07-10 00:14:20,10m - 27.798s,FAILED
,,,,,,,
Test Cases/Checkout/Fashions/CFS_001,,Checking out Backpack in Fashions Category,,2022-07-10 00:03:52,2022-07-10 00:06:14,2m - 21.768s,FAILED
"startApplication(""C:\Users\095068\Documents\Automation Testing with Katalon Studio\Sesi 10\Assesment3_F.X. Airell V.S.W._KSAT006ONL013\Demo EComerce\APK\ECommerce -SAMPLE-Android.apk"", true)",,,,2022-07-10 00:03:53,2022-07-10 00:04:17,24.574s,PASSED
"waitForElementPresent(findTestObject(""Home/btn_Category""), 0)",,,,2022-07-10 00:04:17,2022-07-10 00:04:18,0.887s,PASSED
delay(10),,,,2022-07-10 00:04:18,2022-07-10 00:04:28,10.052s,PASSED
"tap(findTestObject(""Home/btn_Category""), 0)",,,,2022-07-10 00:04:28,2022-07-10 00:04:29,0.258s,PASSED
delay(5),,,,2022-07-10 00:04:29,2022-07-10 00:04:34,5.007s,PASSED
"tap(findTestObject(""Category/btn_Fashion""), 0)",,,,2022-07-10 00:04:34,2022-07-10 00:04:34,0.407s,PASSED
delay(5),,,,2022-07-10 00:04:34,2022-07-10 00:04:39,5.005s,PASSED
"tap(findTestObject(""Fashions/btn_Backpack""), 0)",,,,2022-07-10 00:04:39,2022-07-10 00:04:39,0.222s,PASSED
delay(5),,,,2022-07-10 00:04:39,2022-07-10 00:04:44,5.008s,PASSED
"tap(findTestObject(""Checkout/btn_Add To Cart""), 0)",,,,2022-07-10 00:04:44,2022-07-10 00:04:45,0.718s,PASSED
delay(5),,,,2022-07-10 00:04:45,2022-07-10 00:04:50,5.005s,PASSED
"setText(findTestObject(""Checkout/txt_Number of Order""), ""1"", 0)",,,,2022-07-10 00:04:50,2022-07-10 00:04:51,0.953s,PASSED
delay(5),,,,2022-07-10 00:04:51,2022-07-10 00:04:56,5.006s,PASSED
"tap(findTestObject(""Checkout/btn_Add Order""), 0)",,,,2022-07-10 00:04:56,2022-07-10 00:04:56,0.242s,PASSED
delay(5),,,,2022-07-10 00:04:56,2022-07-10 00:05:01,5.013s,PASSED
"tap(findTestObject(""Checkout/btn_Cart""), 0)",,,,2022-07-10 00:05:01,2022-07-10 00:05:01,0.247s,PASSED
delay(10),,,,2022-07-10 00:05:01,2022-07-10 00:05:11,10.009s,PASSED
"tap(findTestObject(""Checkout/btn_Checkout""), 0)",,,,2022-07-10 00:05:11,2022-07-10 00:05:12,0.259s,PASSED
delay(10),,,,2022-07-10 00:05:12,2022-07-10 00:05:22,10.007s,PASSED
"tap(findTestObject(""Checkout/btn_Process Checkout (Buy)""), 0)",,,,2022-07-10 00:05:22,2022-07-10 00:05:22,0.287s,PASSED
delay(5),,,,2022-07-10 00:05:22,2022-07-10 00:05:27,5.005s,PASSED
"tap(findTestObject(""Checkout/btn_Yes (Buy)""), 0)",,,,2022-07-10 00:05:27,2022-07-10 00:05:27,0.225s,PASSED
delay(15),,,,2022-07-10 00:05:27,2022-07-10 00:05:42,15.005s,PASSED
"tap(findTestObject(""Checkout/btn_OK""), 0)",,,,2022-07-10 00:05:42,2022-07-10 00:06:14,31.852s,FAILED
,,,,,,,
Test Cases/Checkout/Fashions/CFS_002,,Checking out Batik in Fashions Category,,2022-07-10 00:06:14,2022-07-10 00:08:06,1m - 51.779s,PASSED
"startApplication(""C:\Users\095068\Documents\Automation Testing with Katalon Studio\Sesi 10\Assesment3_F.X. Airell V.S.W._KSAT006ONL013\Demo EComerce\APK\ECommerce -SAMPLE-Android.apk"", true)",,,,2022-07-10 00:06:15,2022-07-10 00:06:32,17.492s,PASSED
"waitForElementPresent(findTestObject(""Home/btn_Category""), 0)",,,,2022-07-10 00:06:32,2022-07-10 00:06:34,1.819s,PASSED
delay(10),,,,2022-07-10 00:06:34,2022-07-10 00:06:44,10.012s,PASSED
"tap(findTestObject(""Home/btn_Category""), 0)",,,,2022-07-10 00:06:44,2022-07-10 00:06:45,0.364s,PASSED
delay(5),,,,2022-07-10 00:06:45,2022-07-10 00:06:50,5.007s,PASSED
"tap(findTestObject(""Category/btn_Fashion""), 0)",,,,2022-07-10 00:06:50,2022-07-10 00:06:50,0.293s,PASSED
delay(5),,,,2022-07-10 00:06:50,2022-07-10 00:06:55,5.010s,PASSED
"tap(findTestObject(""Fashions/btn_Batik""), 0)",,,,2022-07-10 00:06:55,2022-07-10 00:06:55,0.313s,PASSED
delay(5),,,,2022-07-10 00:06:55,2022-07-10 00:07:00,5.006s,PASSED
"tap(findTestObject(""Checkout/btn_Add To Cart""), 0)",,,,2022-07-10 00:07:00,2022-07-10 00:07:01,0.682s,PASSED
delay(5),,,,2022-07-10 00:07:01,2022-07-10 00:07:06,5.008s,PASSED
"setText(findTestObject(""Checkout/txt_Number of Order""), ""1"", 0)",,,,2022-07-10 00:07:06,2022-07-10 00:07:07,0.715s,PASSED
delay(5),,,,2022-07-10 00:07:07,2022-07-10 00:07:12,5.007s,PASSED
"tap(findTestObject(""Checkout/btn_Add Order""), 0)",,,,2022-07-10 00:07:12,2022-07-10 00:07:12,0.205s,PASSED
delay(5),,,,2022-07-10 00:07:12,2022-07-10 00:07:17,5.008s,PASSED
"tap(findTestObject(""Checkout/btn_Cart""), 0)",,,,2022-07-10 00:07:17,2022-07-10 00:07:17,0.242s,PASSED
delay(10),,,,2022-07-10 00:07:17,2022-07-10 00:07:27,10.008s,PASSED
"tap(findTestObject(""Checkout/btn_Checkout""), 0)",,,,2022-07-10 00:07:27,2022-07-10 00:07:27,0.245s,PASSED
delay(10),,,,2022-07-10 00:07:27,2022-07-10 00:07:37,10.012s,PASSED
"tap(findTestObject(""Checkout/btn_Process Checkout (Buy)""), 0)",,,,2022-07-10 00:07:37,2022-07-10 00:07:38,0.298s,PASSED
delay(5),,,,2022-07-10 00:07:38,2022-07-10 00:07:43,5.007s,PASSED
"tap(findTestObject(""Checkout/btn_Yes (Buy)""), 0)",,,,2022-07-10 00:07:43,2022-07-10 00:07:43,0.240s,PASSED
delay(15),,,,2022-07-10 00:07:43,2022-07-10 00:07:58,15.006s,PASSED
"tap(findTestObject(""Checkout/btn_OK""), 0)",,,,2022-07-10 00:07:58,2022-07-10 00:07:58,0.280s,PASSED
delay(5),,,,2022-07-10 00:07:58,2022-07-10 00:08:03,5.008s,PASSED
closeApplication(),,,,2022-07-10 00:08:03,2022-07-10 00:08:06,2.644s,PASSED
,,,,,,,
Test Cases/Checkout/Fashions/CFS_003,,Checking out Bracelet in Fashions Category,,2022-07-10 00:08:06,2022-07-10 00:10:01,1m - 55.479s,PASSED
"startApplication(""C:\Users\095068\Documents\Automation Testing with Katalon Studio\Sesi 10\Assesment3_F.X. Airell V.S.W._KSAT006ONL013\Demo EComerce\APK\ECommerce -SAMPLE-Android.apk"", true)",,,,2022-07-10 00:08:07,2022-07-10 00:08:27,20.707s,PASSED
"waitForElementPresent(findTestObject(""Home/btn_Category""), 0)",,,,2022-07-10 00:08:27,2022-07-10 00:08:29,2.016s,PASSED
delay(10),,,,2022-07-10 00:08:29,2022-07-10 00:08:39,10.019s,PASSED
"tap(findTestObject(""Home/btn_Category""), 0)",,,,2022-07-10 00:08:39,2022-07-10 00:08:40,0.298s,PASSED
delay(5),,,,2022-07-10 00:08:40,2022-07-10 00:08:45,5.009s,PASSED
"tap(findTestObject(""Category/btn_Fashion""), 0)",,,,2022-07-10 00:08:45,2022-07-10 00:08:45,0.255s,PASSED
delay(5),,,,2022-07-10 00:08:45,2022-07-10 00:08:50,5.010s,PASSED
"tap(findTestObject(""Fashions/btn_Bracelet""), 0)",,,,2022-07-10 00:08:50,2022-07-10 00:08:50,0.234s,PASSED
delay(5),,,,2022-07-10 00:08:50,2022-07-10 00:08:55,5.009s,PASSED
"tap(findTestObject(""Checkout/btn_Add To Cart""), 0)",,,,2022-07-10 00:08:55,2022-07-10 00:08:56,0.760s,PASSED
delay(5),,,,2022-07-10 00:08:56,2022-07-10 00:09:01,5.009s,PASSED
"setText(findTestObject(""Checkout/txt_Number of Order""), ""1"", 0)",,,,2022-07-10 00:09:01,2022-07-10 00:09:02,0.779s,PASSED
delay(5),,,,2022-07-10 00:09:02,2022-07-10 00:09:07,5.008s,PASSED
"tap(findTestObject(""Checkout/btn_Add Order""), 0)",,,,2022-07-10 00:09:07,2022-07-10 00:09:07,0.279s,PASSED
delay(5),,,,2022-07-10 00:09:07,2022-07-10 00:09:12,5.008s,PASSED
"tap(findTestObject(""Checkout/btn_Cart""), 0)",,,,2022-07-10 00:09:12,2022-07-10 00:09:12,0.271s,PASSED
delay(10),,,,2022-07-10 00:09:12,2022-07-10 00:09:22,10.008s,PASSED
"tap(findTestObject(""Checkout/btn_Checkout""), 0)",,,,2022-07-10 00:09:22,2022-07-10 00:09:23,0.272s,PASSED
delay(10),,,,2022-07-10 00:09:23,2022-07-10 00:09:33,10.008s,PASSED
"tap(findTestObject(""Checkout/btn_Process Checkout (Buy)""), 0)",,,,2022-07-10 00:09:33,2022-07-10 00:09:33,0.238s,PASSED
delay(5),,,,2022-07-10 00:09:33,2022-07-10 00:09:38,5.010s,PASSED
"tap(findTestObject(""Checkout/btn_Yes (Buy)""), 0)",,,,2022-07-10 00:09:38,2022-07-10 00:09:38,0.248s,PASSED
delay(15),,,,2022-07-10 00:09:38,2022-07-10 00:09:53,15.007s,PASSED
"tap(findTestObject(""Checkout/btn_OK""), 0)",,,,2022-07-10 00:09:53,2022-07-10 00:09:53,0.320s,PASSED
delay(5),,,,2022-07-10 00:09:53,2022-07-10 00:09:58,5.014s,PASSED
closeApplication(),,,,2022-07-10 00:09:58,2022-07-10 00:10:01,2.944s,PASSED
,,,,,,,
Test Cases/Checkout/Fashions/CFS_004,,Checking out Heels in Fashions Category,,2022-07-10 00:10:01,2022-07-10 00:12:28,2m - 26.414s,FAILED
"startApplication(""C:\Users\095068\Documents\Automation Testing with Katalon Studio\Sesi 10\Assesment3_F.X. Airell V.S.W._KSAT006ONL013\Demo EComerce\APK\ECommerce -SAMPLE-Android.apk"", true)",,,,2022-07-10 00:10:02,2022-07-10 00:10:30,27.641s,PASSED
"waitForElementPresent(findTestObject(""Home/btn_Category""), 0)",,,,2022-07-10 00:10:30,2022-07-10 00:10:33,2.477s,PASSED
delay(10),,,,2022-07-10 00:10:33,2022-07-10 00:10:43,10.016s,PASSED
"tap(findTestObject(""Home/btn_Category""), 0)",,,,2022-07-10 00:10:43,2022-07-10 00:10:43,0.386s,PASSED
delay(5),,,,2022-07-10 00:10:43,2022-07-10 00:10:48,5.008s,PASSED
"tap(findTestObject(""Category/btn_Fashion""), 0)",,,,2022-07-10 00:10:48,2022-07-10 00:10:48,0.264s,PASSED
delay(5),,,,2022-07-10 00:10:48,2022-07-10 00:10:53,5.006s,PASSED
"tap(findTestObject(""Fashions/btn_Heels""), 0)",,,,2022-07-10 00:10:53,2022-07-10 00:10:54,0.407s,PASSED
delay(5),,,,2022-07-10 00:10:54,2022-07-10 00:10:59,5.011s,PASSED
"tap(findTestObject(""Checkout/btn_Add To Cart""), 0)",,,,2022-07-10 00:10:59,2022-07-10 00:11:00,0.837s,PASSED
delay(5),,,,2022-07-10 00:11:00,2022-07-10 00:11:05,5.009s,PASSED
"setText(findTestObject(""Checkout/txt_Number of Order""), ""1"", 0)",,,,2022-07-10 00:11:05,2022-07-10 00:11:05,0.793s,PASSED
delay(5),,,,2022-07-10 00:11:05,2022-07-10 00:11:10,5.007s,PASSED
"tap(findTestObject(""Checkout/btn_Add Order""), 0)",,,,2022-07-10 00:11:10,2022-07-10 00:11:11,0.218s,PASSED
delay(5),,,,2022-07-10 00:11:11,2022-07-10 00:11:16,5.007s,PASSED
"tap(findTestObject(""Checkout/btn_Cart""), 0)",,,,2022-07-10 00:11:16,2022-07-10 00:11:16,0.263s,PASSED
delay(10),,,,2022-07-10 00:11:16,2022-07-10 00:11:26,10.008s,PASSED
"tap(findTestObject(""Checkout/btn_Checkout""), 0)",,,,2022-07-10 00:11:26,2022-07-10 00:11:26,0.258s,PASSED
delay(10),,,,2022-07-10 00:11:26,2022-07-10 00:11:36,10.006s,PASSED
"tap(findTestObject(""Checkout/btn_Process Checkout (Buy)""), 0)",,,,2022-07-10 00:11:36,2022-07-10 00:11:36,0.275s,PASSED
delay(5),,,,2022-07-10 00:11:36,2022-07-10 00:11:41,5.004s,PASSED
"tap(findTestObject(""Checkout/btn_Yes (Buy)""), 0)",,,,2022-07-10 00:11:41,2022-07-10 00:11:42,0.161s,PASSED
delay(15),,,,2022-07-10 00:11:42,2022-07-10 00:11:57,15.006s,PASSED
"tap(findTestObject(""Checkout/btn_OK""), 0)",,,,2022-07-10 00:11:57,2022-07-10 00:12:28,31.302s,FAILED
,,,,,,,
Test Cases/Checkout/Fashions/CFS_005,,Checking out Watch in Fashions Category,,2022-07-10 00:12:28,2022-07-10 00:14:20,1m - 51.898s,PASSED
"startApplication(""C:\Users\095068\Documents\Automation Testing with Katalon Studio\Sesi 10\Assesment3_F.X. Airell V.S.W._KSAT006ONL013\Demo EComerce\APK\ECommerce -SAMPLE-Android.apk"", true)",,,,2022-07-10 00:12:29,2022-07-10 00:12:46,16.805s,PASSED
"waitForElementPresent(findTestObject(""Home/btn_Category""), 0)",,,,2022-07-10 00:12:46,2022-07-10 00:12:49,3.187s,PASSED
delay(10),,,,2022-07-10 00:12:49,2022-07-10 00:12:59,10.009s,PASSED
"tap(findTestObject(""Home/btn_Category""), 0)",,,,2022-07-10 00:12:59,2022-07-10 00:12:59,0.244s,PASSED
delay(5),,,,2022-07-10 00:12:59,2022-07-10 00:13:04,5.007s,PASSED
"tap(findTestObject(""Category/btn_Fashion""), 0)",,,,2022-07-10 00:13:04,2022-07-10 00:13:04,0.246s,PASSED
delay(5),,,,2022-07-10 00:13:04,2022-07-10 00:13:09,5.007s,PASSED
"tap(findTestObject(""Fashions/btn_Watch""), 0)",,,,2022-07-10 00:13:09,2022-07-10 00:13:10,0.223s,PASSED
delay(5),,,,2022-07-10 00:13:10,2022-07-10 00:13:15,5.006s,PASSED
"tap(findTestObject(""Checkout/btn_Add To Cart""), 0)",,,,2022-07-10 00:13:15,2022-07-10 00:13:15,0.733s,PASSED
delay(5),,,,2022-07-10 00:13:15,2022-07-10 00:13:20,5.007s,PASSED
"setText(findTestObject(""Checkout/txt_Number of Order""), ""1"", 0)",,,,2022-07-10 00:13:20,2022-07-10 00:13:21,0.792s,PASSED
delay(5),,,,2022-07-10 00:13:21,2022-07-10 00:13:26,5.010s,PASSED
"tap(findTestObject(""Checkout/btn_Add Order""), 0)",,,,2022-07-10 00:13:26,2022-07-10 00:13:26,0.181s,PASSED
delay(5),,,,2022-07-10 00:13:26,2022-07-10 00:13:31,5.003s,PASSED
"tap(findTestObject(""Checkout/btn_Cart""), 0)",,,,2022-07-10 00:13:31,2022-07-10 00:13:31,0.195s,PASSED
delay(10),,,,2022-07-10 00:13:31,2022-07-10 00:13:41,10.007s,PASSED
"tap(findTestObject(""Checkout/btn_Checkout""), 0)",,,,2022-07-10 00:13:41,2022-07-10 00:13:42,0.247s,PASSED
delay(10),,,,2022-07-10 00:13:42,2022-07-10 00:13:52,10.008s,PASSED
"tap(findTestObject(""Checkout/btn_Process Checkout (Buy)""), 0)",,,,2022-07-10 00:13:52,2022-07-10 00:13:52,0.226s,PASSED
delay(5),,,,2022-07-10 00:13:52,2022-07-10 00:13:57,5.004s,PASSED
"tap(findTestObject(""Checkout/btn_Yes (Buy)""), 0)",,,,2022-07-10 00:13:57,2022-07-10 00:13:57,0.238s,PASSED
delay(15),,,,2022-07-10 00:13:57,2022-07-10 00:14:12,15.004s,PASSED
"tap(findTestObject(""Checkout/btn_OK""), 0)",,,,2022-07-10 00:14:12,2022-07-10 00:14:12,0.185s,PASSED
delay(5),,,,2022-07-10 00:14:12,2022-07-10 00:14:17,5.007s,PASSED
closeApplication(),,,,2022-07-10 00:14:17,2022-07-10 00:14:20,2.411s,PASSED
