Suite/Test/Step Name,Browser,Description,Tag,Start time,End time,Duration,Status
Health and Sports,,Checking out several Baby Gear items,,2022-07-10 00:15:39,2022-07-10 00:26:12,10m - 32.767s,FAILED
,,,,,,,
Test Cases/Checkout/Health and Sports/CHS_001,,Checking out Messager in Health and Sports Category,,2022-07-10 00:15:39,2022-07-10 00:17:40,2m - 1.093s,PASSED
"startApplication(""C:\Users\095068\Documents\Automation Testing with Katalon Studio\Sesi 10\Assesment3_F.X. Airell V.S.W._KSAT006ONL013\Demo EComerce\APK\ECommerce -SAMPLE-Android.apk"", true)",,,,2022-07-10 00:15:40,2022-07-10 00:16:07,26.943s,PASSED
"waitForElementPresent(findTestObject(""Home/btn_Category""), 0)",,,,2022-07-10 00:16:07,2022-07-10 00:16:08,1.717s,PASSED
delay(10),,,,2022-07-10 00:16:08,2022-07-10 00:16:18,10.045s,PASSED
"tap(findTestObject(""Home/btn_Category""), 0)",,,,2022-07-10 00:16:18,2022-07-10 00:16:19,0.284s,PASSED
delay(5),,,,2022-07-10 00:16:19,2022-07-10 00:16:24,5.008s,PASSED
"tap(findTestObject(""Category/btn_Health and Sports""), 0)",,,,2022-07-10 00:16:24,2022-07-10 00:16:24,0.551s,PASSED
delay(5),,,,2022-07-10 00:16:24,2022-07-10 00:16:29,5.009s,PASSED
"tap(findTestObject(""Health and Sports/btn_Messager""), 0)",,,,2022-07-10 00:16:29,2022-07-10 00:16:30,0.256s,PASSED
delay(5),,,,2022-07-10 00:16:30,2022-07-10 00:16:35,5.006s,PASSED
"tap(findTestObject(""Checkout/btn_Add To Cart""), 0)",,,,2022-07-10 00:16:35,2022-07-10 00:16:35,0.793s,PASSED
delay(5),,,,2022-07-10 00:16:35,2022-07-10 00:16:40,5.013s,PASSED
"setText(findTestObject(""Checkout/txt_Number of Order""), ""1"", 0)",,,,2022-07-10 00:16:40,2022-07-10 00:16:41,0.837s,PASSED
delay(5),,,,2022-07-10 00:16:41,2022-07-10 00:16:46,5.004s,PASSED
"tap(findTestObject(""Checkout/btn_Add Order""), 0)",,,,2022-07-10 00:16:46,2022-07-10 00:16:46,0.222s,PASSED
delay(5),,,,2022-07-10 00:16:46,2022-07-10 00:16:51,5.013s,PASSED
"tap(findTestObject(""Checkout/btn_Cart""), 0)",,,,2022-07-10 00:16:51,2022-07-10 00:16:52,0.231s,PASSED
delay(10),,,,2022-07-10 00:16:52,2022-07-10 00:17:02,10.008s,PASSED
"tap(findTestObject(""Checkout/btn_Checkout""), 0)",,,,2022-07-10 00:17:02,2022-07-10 00:17:02,0.266s,PASSED
delay(10),,,,2022-07-10 00:17:02,2022-07-10 00:17:12,10.007s,PASSED
"tap(findTestObject(""Checkout/btn_Process Checkout (Buy)""), 0)",,,,2022-07-10 00:17:12,2022-07-10 00:17:12,0.234s,PASSED
delay(5),,,,2022-07-10 00:17:12,2022-07-10 00:17:17,5.011s,PASSED
"tap(findTestObject(""Checkout/btn_Yes (Buy)""), 0)",,,,2022-07-10 00:17:17,2022-07-10 00:17:17,0.219s,PASSED
delay(15),,,,2022-07-10 00:17:17,2022-07-10 00:17:32,15.025s,PASSED
"tap(findTestObject(""Checkout/btn_OK""), 0)",,,,2022-07-10 00:17:32,2022-07-10 00:17:33,0.272s,PASSED
delay(5),,,,2022-07-10 00:17:33,2022-07-10 00:17:38,5.008s,PASSED
closeApplication(),,,,2022-07-10 00:17:38,2022-07-10 00:17:40,2.609s,PASSED
,,,,,,,
Test Cases/Checkout/Health and Sports/CHS_002,,Checking out Sneakers in Health and Sports Category,,2022-07-10 00:17:40,2022-07-10 00:19:59,2m - 18.916s,FAILED
"startApplication(""C:\Users\095068\Documents\Automation Testing with Katalon Studio\Sesi 10\Assesment3_F.X. Airell V.S.W._KSAT006ONL013\Demo EComerce\APK\ECommerce -SAMPLE-Android.apk"", true)",,,,2022-07-10 00:17:41,2022-07-10 00:18:01,20.258s,PASSED
"waitForElementPresent(findTestObject(""Home/btn_Category""), 0)",,,,2022-07-10 00:18:01,2022-07-10 00:18:03,1.887s,PASSED
delay(10),,,,2022-07-10 00:18:03,2022-07-10 00:18:13,10.014s,PASSED
"tap(findTestObject(""Home/btn_Category""), 0)",,,,2022-07-10 00:18:13,2022-07-10 00:18:14,0.357s,PASSED
delay(5),,,,2022-07-10 00:18:14,2022-07-10 00:18:19,5.008s,PASSED
"tap(findTestObject(""Category/btn_Health and Sports""), 0)",,,,2022-07-10 00:18:19,2022-07-10 00:18:19,0.297s,PASSED
delay(5),,,,2022-07-10 00:18:19,2022-07-10 00:18:24,5.009s,PASSED
"tap(findTestObject(""Health and Sports/btn_Sneakers""), 0)",,,,2022-07-10 00:18:24,2022-07-10 00:18:24,0.370s,PASSED
delay(5),,,,2022-07-10 00:18:24,2022-07-10 00:18:29,5.012s,PASSED
"tap(findTestObject(""Checkout/btn_Add To Cart""), 0)",,,,2022-07-10 00:18:29,2022-07-10 00:18:30,0.734s,PASSED
delay(5),,,,2022-07-10 00:18:30,2022-07-10 00:18:35,5.009s,PASSED
"setText(findTestObject(""Checkout/txt_Number of Order""), ""1"", 0)",,,,2022-07-10 00:18:35,2022-07-10 00:18:36,1.075s,PASSED
delay(5),,,,2022-07-10 00:18:36,2022-07-10 00:18:41,5.006s,PASSED
"tap(findTestObject(""Checkout/btn_Add Order""), 0)",,,,2022-07-10 00:18:41,2022-07-10 00:18:41,0.283s,PASSED
delay(5),,,,2022-07-10 00:18:41,2022-07-10 00:18:46,5.007s,PASSED
"tap(findTestObject(""Checkout/btn_Cart""), 0)",,,,2022-07-10 00:18:46,2022-07-10 00:18:47,0.304s,PASSED
delay(10),,,,2022-07-10 00:18:47,2022-07-10 00:18:57,10.008s,PASSED
"tap(findTestObject(""Checkout/btn_Checkout""), 0)",,,,2022-07-10 00:18:57,2022-07-10 00:18:57,0.254s,PASSED
delay(10),,,,2022-07-10 00:18:57,2022-07-10 00:19:07,10.006s,PASSED
"tap(findTestObject(""Checkout/btn_Process Checkout (Buy)""), 0)",,,,2022-07-10 00:19:07,2022-07-10 00:19:07,0.315s,PASSED
delay(5),,,,2022-07-10 00:19:07,2022-07-10 00:19:12,5.008s,PASSED
"tap(findTestObject(""Checkout/btn_Yes (Buy)""), 0)",,,,2022-07-10 00:19:12,2022-07-10 00:19:13,0.222s,PASSED
delay(15),,,,2022-07-10 00:19:13,2022-07-10 00:19:28,15.010s,PASSED
"tap(findTestObject(""Checkout/btn_OK""), 0)",,,,2022-07-10 00:19:28,2022-07-10 00:19:59,31.741s,FAILED
,,,,,,,
Test Cases/Checkout/Health and Sports/CHS_003,,Checking out Tensimeter in Health and Sports Category,,2022-07-10 00:19:59,2022-07-10 00:21:53,1m - 53.757s,PASSED
"startApplication(""C:\Users\095068\Documents\Automation Testing with Katalon Studio\Sesi 10\Assesment3_F.X. Airell V.S.W._KSAT006ONL013\Demo EComerce\APK\ECommerce -SAMPLE-Android.apk"", true)",,,,2022-07-10 00:20:00,2022-07-10 00:20:17,17.154s,PASSED
"waitForElementPresent(findTestObject(""Home/btn_Category""), 0)",,,,2022-07-10 00:20:17,2022-07-10 00:20:19,2.313s,PASSED
delay(10),,,,2022-07-10 00:20:19,2022-07-10 00:20:30,10.009s,PASSED
"tap(findTestObject(""Home/btn_Category""), 0)",,,,2022-07-10 00:20:30,2022-07-10 00:20:30,0.273s,PASSED
delay(5),,,,2022-07-10 00:20:30,2022-07-10 00:20:35,5.007s,PASSED
"tap(findTestObject(""Category/btn_Health and Sports""), 0)",,,,2022-07-10 00:20:35,2022-07-10 00:20:35,0.208s,PASSED
delay(5),,,,2022-07-10 00:20:35,2022-07-10 00:20:40,5.008s,PASSED
"tap(findTestObject(""Health and Sports/btn_Tensimeter""), 0)",,,,2022-07-10 00:20:40,2022-07-10 00:20:42,2.082s,PASSED
delay(5),,,,2022-07-10 00:20:42,2022-07-10 00:20:47,5.008s,PASSED
"tap(findTestObject(""Checkout/btn_Add To Cart""), 0)",,,,2022-07-10 00:20:47,2022-07-10 00:20:48,0.772s,PASSED
delay(5),,,,2022-07-10 00:20:48,2022-07-10 00:20:53,5.006s,PASSED
"setText(findTestObject(""Checkout/txt_Number of Order""), ""1"", 0)",,,,2022-07-10 00:20:53,2022-07-10 00:20:54,0.920s,PASSED
delay(5),,,,2022-07-10 00:20:54,2022-07-10 00:20:59,5.009s,PASSED
"tap(findTestObject(""Checkout/btn_Add Order""), 0)",,,,2022-07-10 00:20:59,2022-07-10 00:20:59,0.281s,PASSED
delay(5),,,,2022-07-10 00:20:59,2022-07-10 00:21:04,5.008s,PASSED
"tap(findTestObject(""Checkout/btn_Cart""), 0)",,,,2022-07-10 00:21:04,2022-07-10 00:21:04,0.256s,PASSED
delay(10),,,,2022-07-10 00:21:04,2022-07-10 00:21:14,10.008s,PASSED
"tap(findTestObject(""Checkout/btn_Checkout""), 0)",,,,2022-07-10 00:21:14,2022-07-10 00:21:15,0.307s,PASSED
delay(10),,,,2022-07-10 00:21:15,2022-07-10 00:21:25,10.011s,PASSED
"tap(findTestObject(""Checkout/btn_Process Checkout (Buy)""), 0)",,,,2022-07-10 00:21:25,2022-07-10 00:21:25,0.257s,PASSED
delay(5),,,,2022-07-10 00:21:25,2022-07-10 00:21:30,5.005s,PASSED
"tap(findTestObject(""Checkout/btn_Yes (Buy)""), 0)",,,,2022-07-10 00:21:30,2022-07-10 00:21:30,0.200s,PASSED
delay(15),,,,2022-07-10 00:21:30,2022-07-10 00:21:45,15.008s,PASSED
"tap(findTestObject(""Checkout/btn_OK""), 0)",,,,2022-07-10 00:21:45,2022-07-10 00:21:45,0.228s,PASSED
delay(5),,,,2022-07-10 00:21:45,2022-07-10 00:21:50,5.006s,PASSED
closeApplication(),,,,2022-07-10 00:21:50,2022-07-10 00:21:53,2.767s,PASSED
,,,,,,,
Test Cases/Checkout/Health and Sports/CHS_004,,Checking out Thermometer in Health and Sports Category,,2022-07-10 00:21:53,2022-07-10 00:23:49,1m - 55.771s,PASSED
"startApplication(""C:\Users\095068\Documents\Automation Testing with Katalon Studio\Sesi 10\Assesment3_F.X. Airell V.S.W._KSAT006ONL013\Demo EComerce\APK\ECommerce -SAMPLE-Android.apk"", true)",,,,2022-07-10 00:21:54,2022-07-10 00:22:15,21.228s,PASSED
"waitForElementPresent(findTestObject(""Home/btn_Category""), 0)",,,,2022-07-10 00:22:15,2022-07-10 00:22:17,2.234s,PASSED
delay(10),,,,2022-07-10 00:22:17,2022-07-10 00:22:27,10.012s,PASSED
"tap(findTestObject(""Home/btn_Category""), 0)",,,,2022-07-10 00:22:27,2022-07-10 00:22:28,0.315s,PASSED
delay(5),,,,2022-07-10 00:22:28,2022-07-10 00:22:33,5.005s,PASSED
"tap(findTestObject(""Category/btn_Health and Sports""), 0)",,,,2022-07-10 00:22:33,2022-07-10 00:22:33,0.265s,PASSED
delay(5),,,,2022-07-10 00:22:33,2022-07-10 00:22:38,5.009s,PASSED
"tap(findTestObject(""Health and Sports/btn_Thermometer""), 0)",,,,2022-07-10 00:22:38,2022-07-10 00:22:38,0.387s,PASSED
delay(5),,,,2022-07-10 00:22:38,2022-07-10 00:22:43,5.007s,PASSED
"tap(findTestObject(""Checkout/btn_Add To Cart""), 0)",,,,2022-07-10 00:22:43,2022-07-10 00:22:44,0.764s,PASSED
delay(5),,,,2022-07-10 00:22:44,2022-07-10 00:22:49,5.007s,PASSED
"setText(findTestObject(""Checkout/txt_Number of Order""), ""1"", 0)",,,,2022-07-10 00:22:49,2022-07-10 00:22:50,0.842s,PASSED
delay(5),,,,2022-07-10 00:22:50,2022-07-10 00:22:55,5.007s,PASSED
"tap(findTestObject(""Checkout/btn_Add Order""), 0)",,,,2022-07-10 00:22:55,2022-07-10 00:22:55,0.234s,PASSED
delay(5),,,,2022-07-10 00:22:55,2022-07-10 00:23:00,5.008s,PASSED
"tap(findTestObject(""Checkout/btn_Cart""), 0)",,,,2022-07-10 00:23:00,2022-07-10 00:23:01,0.264s,PASSED
delay(10),,,,2022-07-10 00:23:01,2022-07-10 00:23:11,10.009s,PASSED
"tap(findTestObject(""Checkout/btn_Checkout""), 0)",,,,2022-07-10 00:23:11,2022-07-10 00:23:11,0.232s,PASSED
delay(10),,,,2022-07-10 00:23:11,2022-07-10 00:23:21,10.005s,PASSED
"tap(findTestObject(""Checkout/btn_Process Checkout (Buy)""), 0)",,,,2022-07-10 00:23:21,2022-07-10 00:23:21,0.354s,PASSED
delay(5),,,,2022-07-10 00:23:21,2022-07-10 00:23:26,5.007s,PASSED
"tap(findTestObject(""Checkout/btn_Yes (Buy)""), 0)",,,,2022-07-10 00:23:26,2022-07-10 00:23:26,0.206s,PASSED
delay(15),,,,2022-07-10 00:23:26,2022-07-10 00:23:41,15.003s,PASSED
"tap(findTestObject(""Checkout/btn_OK""), 0)",,,,2022-07-10 00:23:41,2022-07-10 00:23:42,0.220s,PASSED
delay(5),,,,2022-07-10 00:23:42,2022-07-10 00:23:47,5.007s,PASSED
closeApplication(),,,,2022-07-10 00:23:47,2022-07-10 00:23:49,2.346s,PASSED
,,,,,,,
Test Cases/Checkout/Health and Sports/CHS_005,,Checking out Treadmill in Health and Sports Category,,2022-07-10 00:23:49,2022-07-10 00:26:12,2m - 22.762s,FAILED
"startApplication(""C:\Users\095068\Documents\Automation Testing with Katalon Studio\Sesi 10\Assesment3_F.X. Airell V.S.W._KSAT006ONL013\Demo EComerce\APK\ECommerce -SAMPLE-Android.apk"", true)",,,,2022-07-10 00:23:50,2022-07-10 00:24:10,20.599s,PASSED
"waitForElementPresent(findTestObject(""Home/btn_Category""), 0)",,,,2022-07-10 00:24:10,2022-07-10 00:24:13,2.511s,PASSED
delay(10),,,,2022-07-10 00:24:13,2022-07-10 00:24:23,10.010s,PASSED
"tap(findTestObject(""Home/btn_Category""), 0)",,,,2022-07-10 00:24:23,2022-07-10 00:24:23,0.367s,PASSED
delay(5),,,,2022-07-10 00:24:23,2022-07-10 00:24:28,5.010s,PASSED
"tap(findTestObject(""Category/btn_Health and Sports""), 0)",,,,2022-07-10 00:24:28,2022-07-10 00:24:28,0.262s,PASSED
delay(5),,,,2022-07-10 00:24:28,2022-07-10 00:24:33,5.005s,PASSED
"tap(findTestObject(""Health and Sports/btn_Treadmill""), 0)",,,,2022-07-10 00:24:33,2022-07-10 00:24:36,2.490s,PASSED
delay(5),,,,2022-07-10 00:24:36,2022-07-10 00:24:41,5.008s,PASSED
"tap(findTestObject(""Checkout/btn_Add To Cart""), 0)",,,,2022-07-10 00:24:41,2022-07-10 00:24:42,0.995s,PASSED
delay(5),,,,2022-07-10 00:24:42,2022-07-10 00:24:47,5.005s,PASSED
"setText(findTestObject(""Checkout/txt_Number of Order""), ""1"", 0)",,,,2022-07-10 00:24:47,2022-07-10 00:24:48,0.802s,PASSED
delay(5),,,,2022-07-10 00:24:48,2022-07-10 00:24:53,5.009s,PASSED
"tap(findTestObject(""Checkout/btn_Add Order""), 0)",,,,2022-07-10 00:24:53,2022-07-10 00:24:53,0.213s,PASSED
delay(5),,,,2022-07-10 00:24:53,2022-07-10 00:24:58,5.008s,PASSED
"tap(findTestObject(""Checkout/btn_Cart""), 0)",,,,2022-07-10 00:24:58,2022-07-10 00:24:58,0.265s,PASSED
delay(10),,,,2022-07-10 00:24:58,2022-07-10 00:25:08,10.007s,PASSED
"tap(findTestObject(""Checkout/btn_Checkout""), 0)",,,,2022-07-10 00:25:08,2022-07-10 00:25:09,0.243s,PASSED
delay(10),,,,2022-07-10 00:25:09,2022-07-10 00:25:19,10.007s,PASSED
"tap(findTestObject(""Checkout/btn_Process Checkout (Buy)""), 0)",,,,2022-07-10 00:25:19,2022-07-10 00:25:19,0.316s,PASSED
delay(5),,,,2022-07-10 00:25:19,2022-07-10 00:25:24,5.005s,PASSED
"tap(findTestObject(""Checkout/btn_Yes (Buy)""), 0)",,,,2022-07-10 00:25:24,2022-07-10 00:25:24,0.500s,PASSED
delay(15),,,,2022-07-10 00:25:24,2022-07-10 00:25:39,15.017s,PASSED
"tap(findTestObject(""Checkout/btn_OK""), 0)",,,,2022-07-10 00:25:39,2022-07-10 00:26:12,32.332s,FAILED
