Suite/Test/Step Name,Browser,Description,Tag,Start time,End time,Duration,Status
GET Suite User ID 1,,"GET Suite for verifying all IDs is present in User ID 1 and
verifying all post contents in User ID 1",,2022-07-08 15:05:06,2022-07-08 15:05:22,16.168s,PASSED
,,,,,,,
Test Cases/GET by User/GTU_001,,Send GET request to get all posts by user ID 1,,2022-07-08 15:05:06,2022-07-08 15:05:10,3.913s,PASSED
"sendRequestAndVerify(findTestObject(""GET by User/GET Post by User ID 1""))",,,,2022-07-08 15:05:07,2022-07-08 15:05:10,3.398s,PASSED
,,,,,,,
Test Cases/GET/ID 1 - 10/GET_001,,Send GET request to get posts by post ID 1,,2022-07-08 15:05:10,2022-07-08 15:05:11,1.076s,PASSED
"sendRequestAndVerify(findTestObject(""GET/ID 1 - 10/GET Post by ID 1""))",,,,2022-07-08 15:05:11,2022-07-08 15:05:11,0.597s,PASSED
,,,,,,,
Test Cases/GET/ID 1 - 10/GET_002,,Send GET request to get posts by post ID 2,,2022-07-08 15:05:11,2022-07-08 15:05:12,1.178s,PASSED
"sendRequestAndVerify(findTestObject(""GET/ID 1 - 10/GET Post by ID 2""))",,,,2022-07-08 15:05:12,2022-07-08 15:05:12,0.524s,PASSED
,,,,,,,
Test Cases/GET/ID 1 - 10/GET_003,,Send GET request to get posts by post ID 3,,2022-07-08 15:05:12,2022-07-08 15:05:13,0.887s,PASSED
"sendRequestAndVerify(findTestObject(""GET/ID 1 - 10/GET Post by ID 3""))",,,,2022-07-08 15:05:13,2022-07-08 15:05:13,0.463s,PASSED
,,,,,,,
Test Cases/GET/ID 1 - 10/GET_004,,Send GET request to get posts by post ID 4,,2022-07-08 15:05:13,2022-07-08 15:05:14,1.074s,PASSED
"sendRequestAndVerify(findTestObject(""GET/ID 1 - 10/GET Post by ID 4""))",,,,2022-07-08 15:05:14,2022-07-08 15:05:14,0.635s,PASSED
,,,,,,,
Test Cases/GET/ID 1 - 10/GET_005,,Send GET request to get posts by post ID 5,,2022-07-08 15:05:14,2022-07-08 15:05:16,1.288s,PASSED
"sendRequestAndVerify(findTestObject(""GET/ID 1 - 10/GET Post by ID 5""))",,,,2022-07-08 15:05:15,2022-07-08 15:05:16,0.678s,PASSED
,,,,,,,
Test Cases/GET/ID 1 - 10/GET_006,,Send GET request to get posts by post ID 6,,2022-07-08 15:05:16,2022-07-08 15:05:17,0.994s,PASSED
"sendRequestAndVerify(findTestObject(""GET/ID 1 - 10/GET Post by ID 6""))",,,,2022-07-08 15:05:16,2022-07-08 15:05:17,0.562s,PASSED
,,,,,,,
Test Cases/GET/ID 1 - 10/GET_007,,Send GET request to get posts by post ID 7,,2022-07-08 15:05:17,2022-07-08 15:05:18,1.039s,PASSED
"sendRequestAndVerify(findTestObject(""GET/ID 1 - 10/GET Post by ID 7""))",,,,2022-07-08 15:05:17,2022-07-08 15:05:18,0.595s,PASSED
,,,,,,,
Test Cases/GET/ID 1 - 10/GET_008,,Send GET request to get posts by post ID 8,,2022-07-08 15:05:18,2022-07-08 15:05:19,1.747s,PASSED
"sendRequestAndVerify(findTestObject(""GET/ID 1 - 10/GET Post by ID 8""))",,,,2022-07-08 15:05:18,2022-07-08 15:05:19,1.239s,PASSED
,,,,,,,
Test Cases/GET/ID 1 - 10/GET_009,,Send GET request to get posts by post ID 9,,2022-07-08 15:05:19,2022-07-08 15:05:21,1.157s,PASSED
"sendRequestAndVerify(findTestObject(""GET/ID 1 - 10/GET Post by ID 9""))",,,,2022-07-08 15:05:20,2022-07-08 15:05:21,0.547s,PASSED
,,,,,,,
Test Cases/GET/ID 1 - 10/GET_010,,Send GET request to get posts by post ID 10,,2022-07-08 15:05:21,2022-07-08 15:05:22,1.307s,PASSED
"sendRequestAndVerify(findTestObject(""GET/ID 1 - 10/GET Post by ID 10""))",,,,2022-07-08 15:05:21,2022-07-08 15:05:22,0.705s,PASSED
