Suite/Test/Step Name,Browser,Description,Tag,Start time,End time,Duration,Status
Office and Industry,,Checking out several Baby Gear items,,2022-07-10 00:39:30,2022-07-10 00:49:37,10m - 6.811s,FAILED
,,,,,,,
Test Cases/Checkout/Office and Industry/COI_001,,Checking out Calculator in Office and Industry Category,,2022-07-10 00:39:31,2022-07-10 00:41:26,1m - 55.066s,PASSED
"startApplication(""C:\Users\095068\Documents\Automation Testing with Katalon Studio\Sesi 10\Assesment3_F.X. Airell V.S.W._KSAT006ONL013\Demo EComerce\APK\ECommerce -SAMPLE-Android.apk"", true)",,,,2022-07-10 00:39:31,2022-07-10 00:39:54,22.537s,PASSED
"waitForElementPresent(findTestObject(""Home/btn_Category""), 0)",,,,2022-07-10 00:39:54,2022-07-10 00:39:55,1.193s,PASSED
delay(10),,,,2022-07-10 00:39:55,2022-07-10 00:40:05,10.045s,PASSED
"tap(findTestObject(""Home/btn_Category""), 0)",,,,2022-07-10 00:40:05,2022-07-10 00:40:05,0.229s,PASSED
delay(5),,,,2022-07-10 00:40:05,2022-07-10 00:40:10,5.005s,PASSED
"tap(findTestObject(""Category/btn_Office and Industry""), 0)",,,,2022-07-10 00:40:10,2022-07-10 00:40:10,0.186s,PASSED
delay(5),,,,2022-07-10 00:40:10,2022-07-10 00:40:15,5.007s,PASSED
"tap(findTestObject(""Office and Industry/btn_Calculator""), 0)",,,,2022-07-10 00:40:15,2022-07-10 00:40:15,0.215s,PASSED
delay(5),,,,2022-07-10 00:40:15,2022-07-10 00:40:20,5.006s,PASSED
"tap(findTestObject(""Checkout/btn_Add To Cart""), 0)",,,,2022-07-10 00:40:20,2022-07-10 00:40:21,0.779s,PASSED
delay(5),,,,2022-07-10 00:40:21,2022-07-10 00:40:26,5.006s,PASSED
"setText(findTestObject(""Checkout/txt_Number of Order""), ""1"", 0)",,,,2022-07-10 00:40:26,2022-07-10 00:40:27,0.799s,PASSED
delay(5),,,,2022-07-10 00:40:27,2022-07-10 00:40:32,5.005s,PASSED
"tap(findTestObject(""Checkout/btn_Add Order""), 0)",,,,2022-07-10 00:40:32,2022-07-10 00:40:32,0.293s,PASSED
delay(5),,,,2022-07-10 00:40:32,2022-07-10 00:40:37,5.017s,PASSED
"tap(findTestObject(""Checkout/btn_Cart""), 0)",,,,2022-07-10 00:40:37,2022-07-10 00:40:38,0.237s,PASSED
delay(10),,,,2022-07-10 00:40:38,2022-07-10 00:40:48,10.007s,PASSED
"tap(findTestObject(""Checkout/btn_Checkout""), 0)",,,,2022-07-10 00:40:48,2022-07-10 00:40:48,0.178s,PASSED
delay(10),,,,2022-07-10 00:40:48,2022-07-10 00:40:58,10.007s,PASSED
"tap(findTestObject(""Checkout/btn_Process Checkout (Buy)""), 0)",,,,2022-07-10 00:40:58,2022-07-10 00:40:58,0.212s,PASSED
delay(5),,,,2022-07-10 00:40:58,2022-07-10 00:41:03,5.003s,PASSED
"tap(findTestObject(""Checkout/btn_Yes (Buy)""), 0)",,,,2022-07-10 00:41:03,2022-07-10 00:41:03,0.159s,PASSED
delay(15),,,,2022-07-10 00:41:03,2022-07-10 00:41:18,15.006s,PASSED
"tap(findTestObject(""Checkout/btn_OK""), 0)",,,,2022-07-10 00:41:18,2022-07-10 00:41:18,0.159s,PASSED
delay(5),,,,2022-07-10 00:41:18,2022-07-10 00:41:23,5.003s,PASSED
closeApplication(),,,,2022-07-10 00:41:23,2022-07-10 00:41:26,2.350s,PASSED
,,,,,,,
Test Cases/Checkout/Office and Industry/COI_002,,Checking out Card Holder in Office and Industry Category,,2022-07-10 00:41:26,2022-07-10 00:43:19,1m - 53.144s,PASSED
"startApplication(""C:\Users\095068\Documents\Automation Testing with Katalon Studio\Sesi 10\Assesment3_F.X. Airell V.S.W._KSAT006ONL013\Demo EComerce\APK\ECommerce -SAMPLE-Android.apk"", true)",,,,2022-07-10 00:41:26,2022-07-10 00:41:45,19.291s,PASSED
"waitForElementPresent(findTestObject(""Home/btn_Category""), 0)",,,,2022-07-10 00:41:45,2022-07-10 00:41:48,2.687s,PASSED
delay(10),,,,2022-07-10 00:41:48,2022-07-10 00:41:58,10.006s,PASSED
"tap(findTestObject(""Home/btn_Category""), 0)",,,,2022-07-10 00:41:58,2022-07-10 00:41:58,0.233s,PASSED
delay(5),,,,2022-07-10 00:41:58,2022-07-10 00:42:03,5.005s,PASSED
"tap(findTestObject(""Category/btn_Office and Industry""), 0)",,,,2022-07-10 00:42:03,2022-07-10 00:42:03,0.207s,PASSED
delay(5),,,,2022-07-10 00:42:03,2022-07-10 00:42:08,5.004s,PASSED
"tap(findTestObject(""Office and Industry/btn_Card Holder""), 0)",,,,2022-07-10 00:42:08,2022-07-10 00:42:09,0.354s,PASSED
delay(5),,,,2022-07-10 00:42:09,2022-07-10 00:42:14,5.007s,PASSED
"tap(findTestObject(""Checkout/btn_Add To Cart""), 0)",,,,2022-07-10 00:42:14,2022-07-10 00:42:15,0.690s,PASSED
delay(5),,,,2022-07-10 00:42:15,2022-07-10 00:42:20,5.004s,PASSED
"setText(findTestObject(""Checkout/txt_Number of Order""), ""1"", 0)",,,,2022-07-10 00:42:20,2022-07-10 00:42:20,0.738s,PASSED
delay(5),,,,2022-07-10 00:42:20,2022-07-10 00:42:25,5.005s,PASSED
"tap(findTestObject(""Checkout/btn_Add Order""), 0)",,,,2022-07-10 00:42:25,2022-07-10 00:42:25,0.177s,PASSED
delay(5),,,,2022-07-10 00:42:25,2022-07-10 00:42:30,5.004s,PASSED
"tap(findTestObject(""Checkout/btn_Cart""), 0)",,,,2022-07-10 00:42:30,2022-07-10 00:42:31,0.192s,PASSED
delay(10),,,,2022-07-10 00:42:31,2022-07-10 00:42:41,10.006s,PASSED
"tap(findTestObject(""Checkout/btn_Checkout""), 0)",,,,2022-07-10 00:42:41,2022-07-10 00:42:41,0.222s,PASSED
delay(10),,,,2022-07-10 00:42:41,2022-07-10 00:42:51,10.007s,PASSED
"tap(findTestObject(""Checkout/btn_Process Checkout (Buy)""), 0)",,,,2022-07-10 00:42:51,2022-07-10 00:42:51,0.271s,PASSED
delay(5),,,,2022-07-10 00:42:51,2022-07-10 00:42:56,5.005s,PASSED
"tap(findTestObject(""Checkout/btn_Yes (Buy)""), 0)",,,,2022-07-10 00:42:56,2022-07-10 00:42:56,0.249s,PASSED
delay(15),,,,2022-07-10 00:42:56,2022-07-10 00:43:11,15.006s,PASSED
"tap(findTestObject(""Checkout/btn_OK""), 0)",,,,2022-07-10 00:43:11,2022-07-10 00:43:12,0.168s,PASSED
delay(5),,,,2022-07-10 00:43:12,2022-07-10 00:43:17,5.007s,PASSED
closeApplication(),,,,2022-07-10 00:43:17,2022-07-10 00:43:19,2.257s,PASSED
,,,,,,,
Test Cases/Checkout/Office and Industry/COI_003,,Checking out Guoache in Office and Industry Category,,2022-07-10 00:43:19,2022-07-10 00:45:19,1m - 59.831s,PASSED
"startApplication(""C:\Users\095068\Documents\Automation Testing with Katalon Studio\Sesi 10\Assesment3_F.X. Airell V.S.W._KSAT006ONL013\Demo EComerce\APK\ECommerce -SAMPLE-Android.apk"", true)",,,,2022-07-10 00:43:19,2022-07-10 00:43:38,18.561s,PASSED
"waitForElementPresent(findTestObject(""Home/btn_Category""), 0)",,,,2022-07-10 00:43:38,2022-07-10 00:43:40,2.461s,PASSED
delay(10),,,,2022-07-10 00:43:40,2022-07-10 00:43:50,10.007s,PASSED
"tap(findTestObject(""Home/btn_Category""), 0)",,,,2022-07-10 00:43:50,2022-07-10 00:43:51,0.228s,PASSED
delay(5),,,,2022-07-10 00:43:51,2022-07-10 00:43:56,5.006s,PASSED
"tap(findTestObject(""Category/btn_Office and Industry""), 0)",,,,2022-07-10 00:43:56,2022-07-10 00:43:56,0.205s,PASSED
delay(5),,,,2022-07-10 00:43:56,2022-07-10 00:44:01,5.006s,PASSED
"tap(findTestObject(""Office and Industry/btn_Guoache""), 0)",,,,2022-07-10 00:44:01,2022-07-10 00:44:07,5.966s,PASSED
delay(5),,,,2022-07-10 00:44:07,2022-07-10 00:44:12,5.006s,PASSED
"tap(findTestObject(""Checkout/btn_Add To Cart""), 0)",,,,2022-07-10 00:44:12,2022-07-10 00:44:13,0.712s,PASSED
delay(5),,,,2022-07-10 00:44:13,2022-07-10 00:44:18,5.009s,PASSED
"setText(findTestObject(""Checkout/txt_Number of Order""), ""1"", 0)",,,,2022-07-10 00:44:18,2022-07-10 00:44:19,0.935s,PASSED
delay(5),,,,2022-07-10 00:44:19,2022-07-10 00:44:24,5.010s,PASSED
"tap(findTestObject(""Checkout/btn_Add Order""), 0)",,,,2022-07-10 00:44:24,2022-07-10 00:44:24,0.758s,PASSED
delay(5),,,,2022-07-10 00:44:24,2022-07-10 00:44:29,5.017s,PASSED
"tap(findTestObject(""Checkout/btn_Cart""), 0)",,,,2022-07-10 00:44:29,2022-07-10 00:44:30,0.365s,PASSED
delay(10),,,,2022-07-10 00:44:30,2022-07-10 00:44:40,10.011s,PASSED
"tap(findTestObject(""Checkout/btn_Checkout""), 0)",,,,2022-07-10 00:44:40,2022-07-10 00:44:40,0.367s,PASSED
delay(10),,,,2022-07-10 00:44:40,2022-07-10 00:44:50,10.011s,PASSED
"tap(findTestObject(""Checkout/btn_Process Checkout (Buy)""), 0)",,,,2022-07-10 00:44:50,2022-07-10 00:44:51,0.470s,PASSED
delay(5),,,,2022-07-10 00:44:51,2022-07-10 00:44:56,5.010s,PASSED
"tap(findTestObject(""Checkout/btn_Yes (Buy)""), 0)",,,,2022-07-10 00:44:56,2022-07-10 00:44:56,0.457s,PASSED
delay(15),,,,2022-07-10 00:44:56,2022-07-10 00:45:11,15.011s,PASSED
"tap(findTestObject(""Checkout/btn_OK""), 0)",,,,2022-07-10 00:45:11,2022-07-10 00:45:11,0.379s,PASSED
delay(5),,,,2022-07-10 00:45:11,2022-07-10 00:45:16,5.008s,PASSED
closeApplication(),,,,2022-07-10 00:45:16,2022-07-10 00:45:19,2.303s,PASSED
,,,,,,,
Test Cases/Checkout/Office and Industry/COI_004,,Checking out Money Counter in Office and Industry Category,,2022-07-10 00:45:19,2022-07-10 00:47:40,2m - 21.088s,FAILED
"startApplication(""C:\Users\095068\Documents\Automation Testing with Katalon Studio\Sesi 10\Assesment3_F.X. Airell V.S.W._KSAT006ONL013\Demo EComerce\APK\ECommerce -SAMPLE-Android.apk"", true)",,,,2022-07-10 00:45:20,2022-07-10 00:45:40,20.054s,PASSED
"waitForElementPresent(findTestObject(""Home/btn_Category""), 0)",,,,2022-07-10 00:45:40,2022-07-10 00:45:43,2.591s,PASSED
delay(10),,,,2022-07-10 00:45:43,2022-07-10 00:45:53,10.012s,PASSED
"tap(findTestObject(""Home/btn_Category""), 0)",,,,2022-07-10 00:45:53,2022-07-10 00:45:54,0.845s,PASSED
delay(5),,,,2022-07-10 00:45:54,2022-07-10 00:45:59,5.009s,PASSED
"tap(findTestObject(""Category/btn_Office and Industry""), 0)",,,,2022-07-10 00:45:59,2022-07-10 00:45:59,0.382s,PASSED
delay(5),,,,2022-07-10 00:45:59,2022-07-10 00:46:04,5.010s,PASSED
"tap(findTestObject(""Office and Industry/btn_Money Counter""), 0)",,,,2022-07-10 00:46:04,2022-07-10 00:46:05,0.368s,PASSED
delay(5),,,,2022-07-10 00:46:05,2022-07-10 00:46:10,5.011s,PASSED
"tap(findTestObject(""Checkout/btn_Add To Cart""), 0)",,,,2022-07-10 00:46:10,2022-07-10 00:46:10,0.876s,PASSED
delay(5),,,,2022-07-10 00:46:10,2022-07-10 00:46:15,5.009s,PASSED
"setText(findTestObject(""Checkout/txt_Number of Order""), ""1"", 0)",,,,2022-07-10 00:46:15,2022-07-10 00:46:16,0.910s,PASSED
delay(5),,,,2022-07-10 00:46:16,2022-07-10 00:46:21,5.009s,PASSED
"tap(findTestObject(""Checkout/btn_Add Order""), 0)",,,,2022-07-10 00:46:21,2022-07-10 00:46:22,0.401s,PASSED
delay(5),,,,2022-07-10 00:46:22,2022-07-10 00:46:27,5.008s,PASSED
"tap(findTestObject(""Checkout/btn_Cart""), 0)",,,,2022-07-10 00:46:27,2022-07-10 00:46:27,0.416s,PASSED
delay(10),,,,2022-07-10 00:46:27,2022-07-10 00:46:37,10.008s,PASSED
"tap(findTestObject(""Checkout/btn_Checkout""), 0)",,,,2022-07-10 00:46:37,2022-07-10 00:46:38,0.376s,PASSED
delay(10),,,,2022-07-10 00:46:38,2022-07-10 00:46:48,10.010s,PASSED
"tap(findTestObject(""Checkout/btn_Process Checkout (Buy)""), 0)",,,,2022-07-10 00:46:48,2022-07-10 00:46:48,0.407s,PASSED
delay(5),,,,2022-07-10 00:46:48,2022-07-10 00:46:53,5.006s,PASSED
"tap(findTestObject(""Checkout/btn_Yes (Buy)""), 0)",,,,2022-07-10 00:46:53,2022-07-10 00:46:53,0.307s,PASSED
delay(15),,,,2022-07-10 00:46:53,2022-07-10 00:47:08,15.011s,PASSED
"tap(findTestObject(""Checkout/btn_OK""), 0)",,,,2022-07-10 00:47:08,2022-07-10 00:47:40,31.527s,FAILED
,,,,,,,
Test Cases/Checkout/Office and Industry/COI_005,,Checking out Pen in Office and Industry Category,,2022-07-10 00:47:40,2022-07-10 00:49:37,1m - 57.312s,PASSED
"startApplication(""C:\Users\095068\Documents\Automation Testing with Katalon Studio\Sesi 10\Assesment3_F.X. Airell V.S.W._KSAT006ONL013\Demo EComerce\APK\ECommerce -SAMPLE-Android.apk"", true)",,,,2022-07-10 00:47:41,2022-07-10 00:48:02,21.056s,PASSED
"waitForElementPresent(findTestObject(""Home/btn_Category""), 0)",,,,2022-07-10 00:48:02,2022-07-10 00:48:05,2.567s,PASSED
delay(10),,,,2022-07-10 00:48:05,2022-07-10 00:48:15,10.012s,PASSED
"tap(findTestObject(""Home/btn_Category""), 0)",,,,2022-07-10 00:48:15,2022-07-10 00:48:15,0.374s,PASSED
delay(5),,,,2022-07-10 00:48:15,2022-07-10 00:48:20,5.008s,PASSED
"tap(findTestObject(""Category/btn_Office and Industry""), 0)",,,,2022-07-10 00:48:20,2022-07-10 00:48:20,0.360s,PASSED
delay(5),,,,2022-07-10 00:48:20,2022-07-10 00:48:25,5.010s,PASSED
"tap(findTestObject(""Office and Industry/btn_Pen""), 0)",,,,2022-07-10 00:48:25,2022-07-10 00:48:26,0.393s,PASSED
delay(5),,,,2022-07-10 00:48:26,2022-07-10 00:48:31,5.009s,PASSED
"tap(findTestObject(""Checkout/btn_Add To Cart""), 0)",,,,2022-07-10 00:48:31,2022-07-10 00:48:32,0.951s,PASSED
delay(5),,,,2022-07-10 00:48:32,2022-07-10 00:48:37,5.011s,PASSED
"setText(findTestObject(""Checkout/txt_Number of Order""), ""1"", 0)",,,,2022-07-10 00:48:37,2022-07-10 00:48:38,0.935s,PASSED
delay(5),,,,2022-07-10 00:48:38,2022-07-10 00:48:43,5.009s,PASSED
"tap(findTestObject(""Checkout/btn_Add Order""), 0)",,,,2022-07-10 00:48:43,2022-07-10 00:48:43,0.367s,PASSED
delay(5),,,,2022-07-10 00:48:43,2022-07-10 00:48:48,5.008s,PASSED
"tap(findTestObject(""Checkout/btn_Cart""), 0)",,,,2022-07-10 00:48:48,2022-07-10 00:48:49,0.410s,PASSED
delay(10),,,,2022-07-10 00:48:49,2022-07-10 00:48:59,10.009s,PASSED
"tap(findTestObject(""Checkout/btn_Checkout""), 0)",,,,2022-07-10 00:48:59,2022-07-10 00:48:59,0.350s,PASSED
delay(10),,,,2022-07-10 00:48:59,2022-07-10 00:49:09,10.009s,PASSED
"tap(findTestObject(""Checkout/btn_Process Checkout (Buy)""), 0)",,,,2022-07-10 00:49:09,2022-07-10 00:49:09,0.372s,PASSED
delay(5),,,,2022-07-10 00:49:09,2022-07-10 00:49:14,5.008s,PASSED
"tap(findTestObject(""Checkout/btn_Yes (Buy)""), 0)",,,,2022-07-10 00:49:14,2022-07-10 00:49:15,0.342s,PASSED
delay(15),,,,2022-07-10 00:49:15,2022-07-10 00:49:30,15.009s,PASSED
"tap(findTestObject(""Checkout/btn_OK""), 0)",,,,2022-07-10 00:49:30,2022-07-10 00:49:30,0.385s,PASSED
delay(5),,,,2022-07-10 00:49:30,2022-07-10 00:49:35,5.008s,PASSED
closeApplication(),,,,2022-07-10 00:49:35,2022-07-10 00:49:37,2.158s,PASSED
