Suite/Test/Step Name,Browser,Description,Tag,Start time,End time,Duration,Status
GET Suite User ID 2,,"GET Suite for verifying all IDs is present in User ID 2 and
verifying all post contents in User ID 2",,2022-07-08 15:05:10,2022-07-08 15:05:29,19.005s,PASSED
,,,,,,,
Test Cases/GET by User/GTU_002,,Send GET request to get all posts by user ID 2,,2022-07-08 15:05:10,2022-07-08 15:05:15,4.613s,PASSED
"sendRequestAndVerify(findTestObject(""GET by User/GET Post by User ID 2""))",,,,2022-07-08 15:05:11,2022-07-08 15:05:15,4.080s,PASSED
,,,,,,,
Test Cases/GET/ID 11 - 20/GET_011,,Send GET request to get posts by post ID 11,,2022-07-08 15:05:15,2022-07-08 15:05:16,1.185s,PASSED
"sendRequestAndVerify(findTestObject(""GET/ID 11 - 20/GET Post by ID 11""))",,,,2022-07-08 15:05:16,2022-07-08 15:05:16,0.545s,PASSED
,,,,,,,
Test Cases/GET/ID 11 - 20/GET_012,,Send GET request to get posts by post ID 12,,2022-07-08 15:05:16,2022-07-08 15:05:17,1.032s,PASSED
"sendRequestAndVerify(findTestObject(""GET/ID 11 - 20/GET Post by ID 12""))",,,,2022-07-08 15:05:17,2022-07-08 15:05:17,0.539s,PASSED
,,,,,,,
Test Cases/GET/ID 11 - 20/GET_013,,Send GET request to get posts by post ID 13,,2022-07-08 15:05:17,2022-07-08 15:05:18,1.026s,PASSED
"sendRequestAndVerify(findTestObject(""GET/ID 11 - 20/GET Post by ID 13""))",,,,2022-07-08 15:05:18,2022-07-08 15:05:18,0.561s,PASSED
,,,,,,,
Test Cases/GET/ID 11 - 20/GET_014,,Send GET request to get posts by post ID 14,,2022-07-08 15:05:18,2022-07-08 15:05:20,1.775s,PASSED
"sendRequestAndVerify(findTestObject(""GET/ID 11 - 20/GET Post by ID 14""))",,,,2022-07-08 15:05:19,2022-07-08 15:05:20,0.620s,PASSED
,,,,,,,
Test Cases/GET/ID 11 - 20/GET_015,,Send GET request to get posts by post ID 15,,2022-07-08 15:05:20,2022-07-08 15:05:21,0.998s,PASSED
"sendRequestAndVerify(findTestObject(""GET/ID 11 - 20/GET Post by ID 15""))",,,,2022-07-08 15:05:20,2022-07-08 15:05:21,0.560s,PASSED
,,,,,,,
Test Cases/GET/ID 11 - 20/GET_016,,Send GET request to get posts by post ID 16,,2022-07-08 15:05:21,2022-07-08 15:05:22,1.428s,PASSED
"sendRequestAndVerify(findTestObject(""GET/ID 11 - 20/GET Post by ID 16""))",,,,2022-07-08 15:05:22,2022-07-08 15:05:22,0.668s,PASSED
,,,,,,,
Test Cases/GET/ID 11 - 20/GET_017,,Send GET request to get posts by post ID 17,,2022-07-08 15:05:22,2022-07-08 15:05:24,1.793s,PASSED
"sendRequestAndVerify(findTestObject(""GET/ID 11 - 20/GET Post by ID 17""))",,,,2022-07-08 15:05:23,2022-07-08 15:05:24,0.805s,PASSED
,,,,,,,
Test Cases/GET/ID 11 - 20/GET_018,,Send GET request to get posts by post ID 18,,2022-07-08 15:05:24,2022-07-08 15:05:26,1.386s,PASSED
"sendRequestAndVerify(findTestObject(""GET/ID 11 - 20/GET Post by ID 18""))",,,,2022-07-08 15:05:25,2022-07-08 15:05:26,0.763s,PASSED
,,,,,,,
Test Cases/GET/ID 11 - 20/GET_019,,Send GET request to get posts by post ID 19,,2022-07-08 15:05:26,2022-07-08 15:05:27,1.682s,PASSED
"sendRequestAndVerify(findTestObject(""GET/ID 11 - 20/GET Post by ID 19""))",,,,2022-07-08 15:05:26,2022-07-08 15:05:27,0.898s,PASSED
,,,,,,,
Test Cases/GET/ID 11 - 20/GET_020,,Send GET request to get posts by post ID 20,,2022-07-08 15:05:27,2022-07-08 15:05:29,1.568s,PASSED
"sendRequestAndVerify(findTestObject(""GET/ID 11 - 20/GET Post by ID 20""))",,,,2022-07-08 15:05:28,2022-07-08 15:05:29,0.663s,PASSED
