Suite/Test/Step Name,Browser,Description,Tag,Start time,End time,Duration,Status
GET Suite User ID 6,,"GET Suite for verifying all IDs is present in User ID 6 and
verifying all post contents in User ID 6",,2022-07-08 15:06:11,2022-07-08 15:06:35,23.819s,PASSED
,,,,,,,
Test Cases/GET by User/GTU_006,,Send GET request to get all posts by user ID 6,,2022-07-08 15:06:12,2022-07-08 15:06:17,5.220s,PASSED
"sendRequestAndVerify(findTestObject(""GET by User/GET Post by User ID 6""))",,,,2022-07-08 15:06:12,2022-07-08 15:06:17,4.651s,PASSED
,,,,,,,
Test Cases/GET/ID 51 - 60/GET_051,,Send GET request to get posts by post ID 51,,2022-07-08 15:06:17,2022-07-08 15:06:18,1.226s,PASSED
"sendRequestAndVerify(findTestObject(""GET/ID 51 - 60/GET Post by ID 51""))",,,,2022-07-08 15:06:18,2022-07-08 15:06:18,0.603s,PASSED
,,,,,,,
Test Cases/GET/ID 51 - 60/GET_052,,Send GET request to get posts by post ID 52,,2022-07-08 15:06:18,2022-07-08 15:06:20,1.582s,PASSED
"sendRequestAndVerify(findTestObject(""GET/ID 51 - 60/GET Post by ID 52""))",,,,2022-07-08 15:06:19,2022-07-08 15:06:20,0.847s,PASSED
,,,,,,,
Test Cases/GET/ID 51 - 60/GET_053,,Send GET request to get posts by post ID 53,,2022-07-08 15:06:20,2022-07-08 15:06:21,1.390s,PASSED
"sendRequestAndVerify(findTestObject(""GET/ID 51 - 60/GET Post by ID 53""))",,,,2022-07-08 15:06:21,2022-07-08 15:06:21,0.690s,PASSED
,,,,,,,
Test Cases/GET/ID 51 - 60/GET_054,,Send GET request to get posts by post ID 54,,2022-07-08 15:06:21,2022-07-08 15:06:23,1.414s,PASSED
"sendRequestAndVerify(findTestObject(""GET/ID 51 - 60/GET Post by ID 54""))",,,,2022-07-08 15:06:22,2022-07-08 15:06:23,0.867s,PASSED
,,,,,,,
Test Cases/GET/ID 51 - 60/GET_055,,Send GET request to get posts by post ID 55,,2022-07-08 15:06:23,2022-07-08 15:06:25,2.257s,PASSED
"sendRequestAndVerify(findTestObject(""GET/ID 51 - 60/GET Post by ID 55""))",,,,2022-07-08 15:06:24,2022-07-08 15:06:25,1.120s,PASSED
,,,,,,,
Test Cases/GET/ID 51 - 60/GET_056,,Send GET request to get posts by post ID 56,,2022-07-08 15:06:25,2022-07-08 15:06:27,1.889s,PASSED
"sendRequestAndVerify(findTestObject(""GET/ID 51 - 60/GET Post by ID 56""))",,,,2022-07-08 15:06:26,2022-07-08 15:06:27,0.971s,PASSED
,,,,,,,
Test Cases/GET/ID 51 - 60/GET_057,,Send GET request to get posts by post ID 57,,2022-07-08 15:06:27,2022-07-08 15:06:29,2.583s,PASSED
"sendRequestAndVerify(findTestObject(""GET/ID 51 - 60/GET Post by ID 57""))",,,,2022-07-08 15:06:28,2022-07-08 15:06:29,1.668s,PASSED
,,,,,,,
Test Cases/GET/ID 51 - 60/GET_058,,Send GET request to get posts by post ID 58,,2022-07-08 15:06:29,2022-07-08 15:06:31,1.862s,PASSED
"sendRequestAndVerify(findTestObject(""GET/ID 51 - 60/GET Post by ID 58""))",,,,2022-07-08 15:06:30,2022-07-08 15:06:31,1.122s,PASSED
,,,,,,,
Test Cases/GET/ID 51 - 60/GET_059,,Send GET request to get posts by post ID 59,,2022-07-08 15:06:31,2022-07-08 15:06:34,2.260s,PASSED
"sendRequestAndVerify(findTestObject(""GET/ID 51 - 60/GET Post by ID 59""))",,,,2022-07-08 15:06:33,2022-07-08 15:06:34,0.962s,PASSED
,,,,,,,
Test Cases/GET/ID 51 - 60/GET_060,,Send GET request to get posts by post ID 60,,2022-07-08 15:06:34,2022-07-08 15:06:35,1.568s,PASSED
"sendRequestAndVerify(findTestObject(""GET/ID 51 - 60/GET Post by ID 60""))",,,,2022-07-08 15:06:34,2022-07-08 15:06:35,0.836s,PASSED
