Suite/Test/Step Name,Browser,Description,Tag,Start time,End time,Duration,Status
GET Suite User ID 5,,"GET Suite for verifying all IDs is present in User ID 5 and
verifying all post contents in User ID 5",,2022-07-08 15:05:31,2022-07-08 15:05:45,14.618s,PASSED
,,,,,,,
Test Cases/GET by User/GTU_005,,Send GET request to get all posts by user ID 5,,2022-07-08 15:05:31,2022-07-08 15:05:37,5.412s,PASSED
"sendRequestAndVerify(findTestObject(""GET by User/GET Post by User ID 5""))",,,,2022-07-08 15:05:32,2022-07-08 15:05:37,4.714s,PASSED
,,,,,,,
Test Cases/GET/ID 41 - 50/GET_041,,Send GET request to get posts by post ID 41,,2022-07-08 15:05:37,2022-07-08 15:05:38,0.852s,PASSED
"sendRequestAndVerify(findTestObject(""GET/ID 41 - 50/GET Post by ID 41""))",,,,2022-07-08 15:05:37,2022-07-08 15:05:38,0.443s,PASSED
,,,,,,,
Test Cases/GET/ID 41 - 50/GET_042,,Send GET request to get posts by post ID 42,,2022-07-08 15:05:38,2022-07-08 15:05:39,1.391s,PASSED
"sendRequestAndVerify(findTestObject(""GET/ID 41 - 50/GET Post by ID 42""))",,,,2022-07-08 15:05:38,2022-07-08 15:05:39,0.890s,PASSED
,,,,,,,
Test Cases/GET/ID 41 - 50/GET_043,,Send GET request to get posts by post ID 43,,2022-07-08 15:05:39,2022-07-08 15:05:40,0.805s,PASSED
"sendRequestAndVerify(findTestObject(""GET/ID 41 - 50/GET Post by ID 43""))",,,,2022-07-08 15:05:39,2022-07-08 15:05:40,0.432s,PASSED
,,,,,,,
Test Cases/GET/ID 41 - 50/GET_044,,Send GET request to get posts by post ID 44,,2022-07-08 15:05:40,2022-07-08 15:05:41,0.883s,PASSED
"sendRequestAndVerify(findTestObject(""GET/ID 41 - 50/GET Post by ID 44""))",,,,2022-07-08 15:05:40,2022-07-08 15:05:41,0.461s,PASSED
,,,,,,,
Test Cases/GET/ID 41 - 50/GET_045,,Send GET request to get posts by post ID 45,,2022-07-08 15:05:41,2022-07-08 15:05:42,0.892s,PASSED
"sendRequestAndVerify(findTestObject(""GET/ID 41 - 50/GET Post by ID 45""))",,,,2022-07-08 15:05:41,2022-07-08 15:05:42,0.432s,PASSED
,,,,,,,
Test Cases/GET/ID 41 - 50/GET_046,,Send GET request to get posts by post ID 46,,2022-07-08 15:05:42,2022-07-08 15:05:42,0.775s,PASSED
"sendRequestAndVerify(findTestObject(""GET/ID 41 - 50/GET Post by ID 46""))",,,,2022-07-08 15:05:42,2022-07-08 15:05:42,0.393s,PASSED
,,,,,,,
Test Cases/GET/ID 41 - 50/GET_047,,Send GET request to get posts by post ID 47,,2022-07-08 15:05:42,2022-07-08 15:05:43,0.761s,PASSED
"sendRequestAndVerify(findTestObject(""GET/ID 41 - 50/GET Post by ID 47""))",,,,2022-07-08 15:05:43,2022-07-08 15:05:43,0.441s,PASSED
,,,,,,,
Test Cases/GET/ID 41 - 50/GET_048,,Send GET request to get posts by post ID 48,,2022-07-08 15:05:43,2022-07-08 15:05:44,0.954s,PASSED
"sendRequestAndVerify(findTestObject(""GET/ID 41 - 50/GET Post by ID 48""))",,,,2022-07-08 15:05:44,2022-07-08 15:05:44,0.494s,PASSED
,,,,,,,
Test Cases/GET/ID 41 - 50/GET_049,,Send GET request to get posts by post ID 49,,2022-07-08 15:05:44,2022-07-08 15:05:45,0.736s,PASSED
"sendRequestAndVerify(findTestObject(""GET/ID 41 - 50/GET Post by ID 49""))",,,,2022-07-08 15:05:44,2022-07-08 15:05:45,0.397s,PASSED
,,,,,,,
Test Cases/GET/ID 41 - 50/GET_050,,Send GET request to get posts by post ID 50,,2022-07-08 15:05:45,2022-07-08 15:05:45,0.639s,PASSED
"sendRequestAndVerify(findTestObject(""GET/ID 41 - 50/GET Post by ID 50""))",,,,2022-07-08 15:05:45,2022-07-08 15:05:45,0.373s,PASSED
