Suite/Test/Step Name,Browser,Description,Tag,Start time,End time,Duration,Status
GET Suite User ID 3,,"GET Suite for verifying all IDs is present in User ID 3 and
verifying all post contents in User ID 3",,2022-07-08 15:05:14,2022-07-08 15:05:34,20.757s,PASSED
,,,,,,,
Test Cases/GET by User/GTU_003,,Send GET request to get all posts by user ID 3,,2022-07-08 15:05:14,2022-07-08 15:05:20,5.499s,PASSED
"sendRequestAndVerify(findTestObject(""GET by User/GET Post by User ID 3""))",,,,2022-07-08 15:05:15,2022-07-08 15:05:20,4.522s,PASSED
,,,,,,,
Test Cases/GET/ID 21 - 30/GET_021,,Send GET request to get posts by post ID 21,,2022-07-08 15:05:20,2022-07-08 15:05:21,1.140s,PASSED
"sendRequestAndVerify(findTestObject(""GET/ID 21 - 30/GET Post by ID 21""))",,,,2022-07-08 15:05:20,2022-07-08 15:05:21,0.533s,PASSED
,,,,,,,
Test Cases/GET/ID 21 - 30/GET_022,,Send GET request to get posts by post ID 22,,2022-07-08 15:05:21,2022-07-08 15:05:23,1.917s,PASSED
"sendRequestAndVerify(findTestObject(""GET/ID 21 - 30/GET Post by ID 22""))",,,,2022-07-08 15:05:21,2022-07-08 15:05:23,1.274s,PASSED
,,,,,,,
Test Cases/GET/ID 21 - 30/GET_023,,Send GET request to get posts by post ID 23,,2022-07-08 15:05:23,2022-07-08 15:05:24,1.745s,PASSED
"sendRequestAndVerify(findTestObject(""GET/ID 21 - 30/GET Post by ID 23""))",,,,2022-07-08 15:05:24,2022-07-08 15:05:24,0.815s,PASSED
,,,,,,,
Test Cases/GET/ID 21 - 30/GET_024,,Send GET request to get posts by post ID 24,,2022-07-08 15:05:24,2022-07-08 15:05:26,1.294s,PASSED
"sendRequestAndVerify(findTestObject(""GET/ID 21 - 30/GET Post by ID 24""))",,,,2022-07-08 15:05:25,2022-07-08 15:05:26,0.678s,PASSED
,,,,,,,
Test Cases/GET/ID 21 - 30/GET_025,,Send GET request to get posts by post ID 25,,2022-07-08 15:05:26,2022-07-08 15:05:27,1.726s,PASSED
"sendRequestAndVerify(findTestObject(""GET/ID 21 - 30/GET Post by ID 25""))",,,,2022-07-08 15:05:27,2022-07-08 15:05:27,0.922s,PASSED
,,,,,,,
Test Cases/GET/ID 21 - 30/GET_026,,Send GET request to get posts by post ID 26,,2022-07-08 15:05:27,2022-07-08 15:05:29,1.529s,PASSED
"sendRequestAndVerify(findTestObject(""GET/ID 21 - 30/GET Post by ID 26""))",,,,2022-07-08 15:05:28,2022-07-08 15:05:29,0.670s,PASSED
,,,,,,,
Test Cases/GET/ID 21 - 30/GET_027,,Send GET request to get posts by post ID 27,,2022-07-08 15:05:29,2022-07-08 15:05:30,1.400s,PASSED
"sendRequestAndVerify(findTestObject(""GET/ID 21 - 30/GET Post by ID 27""))",,,,2022-07-08 15:05:30,2022-07-08 15:05:30,0.620s,PASSED
,,,,,,,
Test Cases/GET/ID 21 - 30/GET_028,,Send GET request to get posts by post ID 28,,2022-07-08 15:05:30,2022-07-08 15:05:32,1.171s,PASSED
"sendRequestAndVerify(findTestObject(""GET/ID 21 - 30/GET Post by ID 28""))",,,,2022-07-08 15:05:31,2022-07-08 15:05:32,0.645s,PASSED
,,,,,,,
Test Cases/GET/ID 21 - 30/GET_029,,Send GET request to get posts by post ID 29,,2022-07-08 15:05:32,2022-07-08 15:05:33,1.248s,PASSED
"sendRequestAndVerify(findTestObject(""GET/ID 21 - 30/GET Post by ID 29""))",,,,2022-07-08 15:05:32,2022-07-08 15:05:33,0.735s,PASSED
,,,,,,,
Test Cases/GET/ID 21 - 30/GET_030,,Send GET request to get posts by post ID 30,,2022-07-08 15:05:33,2022-07-08 15:05:34,1.643s,PASSED
"sendRequestAndVerify(findTestObject(""GET/ID 21 - 30/GET Post by ID 30""))",,,,2022-07-08 15:05:33,2022-07-08 15:05:34,1.099s,PASSED
