Suite/Test/Step Name,Browser,Description,Tag,Start time,End time,Duration,Status
Baby Gear,,Checking out several Baby Gear items,,2022-07-09 23:43:02,2022-07-09 23:52:38,9m - 35.237s,PASSED
,,,,,,,
Test Cases/Checkout/Baby Gear/CBG_001,,Checking out Bottle Heater in Baby Gear Category,,2022-07-09 23:43:03,2022-07-09 23:45:03,2m - 0.100s,PASSED
"startApplication(""C:\Users\095068\Documents\Automation Testing with Katalon Studio\Sesi 10\Assesment3_F.X. Airell V.S.W._KSAT006ONL013\Demo EComerce\APK\ECommerce -SAMPLE-Android.apk"", true)",,,,2022-07-09 23:43:03,2022-07-09 23:43:30,26.300s,PASSED
"waitForElementPresent(findTestObject(""Home/btn_Category""), 0)",,,,2022-07-09 23:43:30,2022-07-09 23:43:30,0.898s,PASSED
delay(10),,,,2022-07-09 23:43:30,2022-07-09 23:43:40,10.046s,PASSED
"tap(findTestObject(""Home/btn_Category""), 0)",,,,2022-07-09 23:43:40,2022-07-09 23:43:41,0.239s,PASSED
delay(5),,,,2022-07-09 23:43:41,2022-07-09 23:43:46,5.005s,PASSED
"tap(findTestObject(""Category/btn_Baby Gear""), 0)",,,,2022-07-09 23:43:46,2022-07-09 23:43:46,0.195s,PASSED
delay(5),,,,2022-07-09 23:43:46,2022-07-09 23:43:51,5.006s,PASSED
"tap(findTestObject(""Baby Gear/btn_Bottle Heater""), 0)",,,,2022-07-09 23:43:51,2022-07-09 23:43:51,0.367s,PASSED
delay(5),,,,2022-07-09 23:43:51,2022-07-09 23:43:56,5.009s,PASSED
"tap(findTestObject(""Checkout/btn_Add To Cart""), 0)",,,,2022-07-09 23:43:56,2022-07-09 23:43:57,0.935s,PASSED
delay(5),,,,2022-07-09 23:43:57,2022-07-09 23:44:02,5.011s,PASSED
"setText(findTestObject(""Checkout/txt_Number of Order""), ""1"", 0)",,,,2022-07-09 23:44:02,2022-07-09 23:44:03,0.913s,PASSED
delay(5),,,,2022-07-09 23:44:03,2022-07-09 23:44:08,5.010s,PASSED
"tap(findTestObject(""Checkout/btn_Add Order""), 0)",,,,2022-07-09 23:44:08,2022-07-09 23:44:09,0.355s,PASSED
delay(5),,,,2022-07-09 23:44:09,2022-07-09 23:44:14,5.009s,PASSED
"tap(findTestObject(""Checkout/btn_Cart""), 0)",,,,2022-07-09 23:44:14,2022-07-09 23:44:14,0.204s,PASSED
delay(10),,,,2022-07-09 23:44:14,2022-07-09 23:44:24,10.009s,PASSED
"tap(findTestObject(""Checkout/btn_Checkout""), 0)",,,,2022-07-09 23:44:24,2022-07-09 23:44:24,0.579s,PASSED
delay(10),,,,2022-07-09 23:44:24,2022-07-09 23:44:34,10.009s,PASSED
"tap(findTestObject(""Checkout/btn_Process Checkout (Buy)""), 0)",,,,2022-07-09 23:44:34,2022-07-09 23:44:35,0.400s,PASSED
delay(5),,,,2022-07-09 23:44:35,2022-07-09 23:44:40,5.010s,PASSED
"tap(findTestObject(""Checkout/btn_Yes (Buy)""), 0)",,,,2022-07-09 23:44:40,2022-07-09 23:44:40,0.329s,PASSED
delay(15),,,,2022-07-09 23:44:40,2022-07-09 23:44:55,15.012s,PASSED
"tap(findTestObject(""Checkout/btn_OK""), 0)",,,,2022-07-09 23:44:55,2022-07-09 23:44:55,0.365s,PASSED
delay(5),,,,2022-07-09 23:44:55,2022-07-09 23:45:00,5.009s,PASSED
closeApplication(),,,,2022-07-09 23:45:00,2022-07-09 23:45:03,2.383s,PASSED
,,,,,,,
Test Cases/Checkout/Baby Gear/CBG_002,,Checking out Jumpsuit in Baby Gear Category,,2022-07-09 23:45:03,2022-07-09 23:46:59,1m - 56.058s,PASSED
"startApplication(""C:\Users\095068\Documents\Automation Testing with Katalon Studio\Sesi 10\Assesment3_F.X. Airell V.S.W._KSAT006ONL013\Demo EComerce\APK\ECommerce -SAMPLE-Android.apk"", true)",,,,2022-07-09 23:45:03,2022-07-09 23:45:25,21.661s,PASSED
"waitForElementPresent(findTestObject(""Home/btn_Category""), 0)",,,,2022-07-09 23:45:25,2022-07-09 23:45:28,2.985s,PASSED
delay(10),,,,2022-07-09 23:45:28,2022-07-09 23:45:38,10.008s,PASSED
"tap(findTestObject(""Home/btn_Category""), 0)",,,,2022-07-09 23:45:38,2022-07-09 23:45:38,0.278s,PASSED
delay(5),,,,2022-07-09 23:45:38,2022-07-09 23:45:43,5.005s,PASSED
"tap(findTestObject(""Category/btn_Baby Gear""), 0)",,,,2022-07-09 23:45:43,2022-07-09 23:45:44,0.281s,PASSED
delay(5),,,,2022-07-09 23:45:44,2022-07-09 23:45:49,5.006s,PASSED
"tap(findTestObject(""Baby Gear/btn_Jumpsuit""), 0)",,,,2022-07-09 23:45:49,2022-07-09 23:45:49,0.245s,PASSED
delay(5),,,,2022-07-09 23:45:49,2022-07-09 23:45:54,5.008s,PASSED
"tap(findTestObject(""Checkout/btn_Add To Cart""), 0)",,,,2022-07-09 23:45:54,2022-07-09 23:45:55,0.726s,PASSED
delay(5),,,,2022-07-09 23:45:55,2022-07-09 23:46:00,5.006s,PASSED
"setText(findTestObject(""Checkout/txt_Number of Order""), ""1"", 0)",,,,2022-07-09 23:46:00,2022-07-09 23:46:01,0.821s,PASSED
delay(5),,,,2022-07-09 23:46:01,2022-07-09 23:46:06,5.003s,PASSED
"tap(findTestObject(""Checkout/btn_Add Order""), 0)",,,,2022-07-09 23:46:06,2022-07-09 23:46:06,0.168s,PASSED
delay(5),,,,2022-07-09 23:46:06,2022-07-09 23:46:11,5.006s,PASSED
"tap(findTestObject(""Checkout/btn_Cart""), 0)",,,,2022-07-09 23:46:11,2022-07-09 23:46:11,0.171s,PASSED
delay(10),,,,2022-07-09 23:46:11,2022-07-09 23:46:21,10.005s,PASSED
"tap(findTestObject(""Checkout/btn_Checkout""), 0)",,,,2022-07-09 23:46:21,2022-07-09 23:46:21,0.207s,PASSED
delay(10),,,,2022-07-09 23:46:21,2022-07-09 23:46:31,10.008s,PASSED
"tap(findTestObject(""Checkout/btn_Process Checkout (Buy)""), 0)",,,,2022-07-09 23:46:31,2022-07-09 23:46:31,0.249s,PASSED
delay(5),,,,2022-07-09 23:46:31,2022-07-09 23:46:36,5.004s,PASSED
"tap(findTestObject(""Checkout/btn_Yes (Buy)""), 0)",,,,2022-07-09 23:46:36,2022-07-09 23:46:37,0.245s,PASSED
delay(15),,,,2022-07-09 23:46:37,2022-07-09 23:46:52,15.006s,PASSED
"tap(findTestObject(""Checkout/btn_OK""), 0)",,,,2022-07-09 23:46:52,2022-07-09 23:46:52,0.166s,PASSED
delay(5),,,,2022-07-09 23:46:52,2022-07-09 23:46:57,5.006s,PASSED
closeApplication(),,,,2022-07-09 23:46:57,2022-07-09 23:46:59,2.170s,PASSED
,,,,,,,
Test Cases/Checkout/Baby Gear/CBG_003,,Checking out Slabber in Baby Gear Category,,2022-07-09 23:46:59,2022-07-09 23:48:52,1m - 52.944s,PASSED
"startApplication(""C:\Users\095068\Documents\Automation Testing with Katalon Studio\Sesi 10\Assesment3_F.X. Airell V.S.W._KSAT006ONL013\Demo EComerce\APK\ECommerce -SAMPLE-Android.apk"", true)",,,,2022-07-09 23:47:00,2022-07-09 23:47:18,18.784s,PASSED
"waitForElementPresent(findTestObject(""Home/btn_Category""), 0)",,,,2022-07-09 23:47:18,2022-07-09 23:47:21,2.533s,PASSED
delay(10),,,,2022-07-09 23:47:21,2022-07-09 23:47:31,10.009s,PASSED
"tap(findTestObject(""Home/btn_Category""), 0)",,,,2022-07-09 23:47:31,2022-07-09 23:47:31,0.272s,PASSED
delay(5),,,,2022-07-09 23:47:31,2022-07-09 23:47:36,5.004s,PASSED
"tap(findTestObject(""Category/btn_Baby Gear""), 0)",,,,2022-07-09 23:47:36,2022-07-09 23:47:36,0.211s,PASSED
delay(5),,,,2022-07-09 23:47:36,2022-07-09 23:47:41,5.006s,PASSED
"tap(findTestObject(""Baby Gear/btn_Slabber""), 0)",,,,2022-07-09 23:47:41,2022-07-09 23:47:42,0.203s,PASSED
delay(5),,,,2022-07-09 23:47:42,2022-07-09 23:47:47,5.005s,PASSED
"tap(findTestObject(""Checkout/btn_Add To Cart""), 0)",,,,2022-07-09 23:47:47,2022-07-09 23:47:47,0.665s,PASSED
delay(5),,,,2022-07-09 23:47:47,2022-07-09 23:47:52,5.005s,PASSED
"setText(findTestObject(""Checkout/txt_Number of Order""), ""1"", 0)",,,,2022-07-09 23:47:52,2022-07-09 23:47:53,0.775s,PASSED
delay(5),,,,2022-07-09 23:47:53,2022-07-09 23:47:58,5.007s,PASSED
"tap(findTestObject(""Checkout/btn_Add Order""), 0)",,,,2022-07-09 23:47:58,2022-07-09 23:47:58,0.168s,PASSED
delay(5),,,,2022-07-09 23:47:58,2022-07-09 23:48:03,5.007s,PASSED
"tap(findTestObject(""Checkout/btn_Cart""), 0)",,,,2022-07-09 23:48:03,2022-07-09 23:48:03,0.194s,PASSED
delay(10),,,,2022-07-09 23:48:03,2022-07-09 23:48:13,10.005s,PASSED
"tap(findTestObject(""Checkout/btn_Checkout""), 0)",,,,2022-07-09 23:48:13,2022-07-09 23:48:14,0.250s,PASSED
delay(10),,,,2022-07-09 23:48:14,2022-07-09 23:48:24,10.006s,PASSED
"tap(findTestObject(""Checkout/btn_Process Checkout (Buy)""), 0)",,,,2022-07-09 23:48:24,2022-07-09 23:48:24,0.690s,PASSED
delay(5),,,,2022-07-09 23:48:24,2022-07-09 23:48:29,5.005s,PASSED
"tap(findTestObject(""Checkout/btn_Yes (Buy)""), 0)",,,,2022-07-09 23:48:29,2022-07-09 23:48:30,0.210s,PASSED
delay(15),,,,2022-07-09 23:48:30,2022-07-09 23:48:45,15.007s,PASSED
"tap(findTestObject(""Checkout/btn_OK""), 0)",,,,2022-07-09 23:48:45,2022-07-09 23:48:45,0.174s,PASSED
delay(5),,,,2022-07-09 23:48:45,2022-07-09 23:48:50,5.007s,PASSED
closeApplication(),,,,2022-07-09 23:48:50,2022-07-09 23:48:52,2.172s,PASSED
,,,,,,,
Test Cases/Checkout/Baby Gear/CBG_004,,Checking out Sterilizer in Baby Gear Category,,2022-07-09 23:48:52,2022-07-09 23:50:45,1m - 53.231s,PASSED
"startApplication(""C:\Users\095068\Documents\Automation Testing with Katalon Studio\Sesi 10\Assesment3_F.X. Airell V.S.W._KSAT006ONL013\Demo EComerce\APK\ECommerce -SAMPLE-Android.apk"", true)",,,,2022-07-09 23:48:52,2022-07-09 23:49:12,19.059s,PASSED
"waitForElementPresent(findTestObject(""Home/btn_Category""), 0)",,,,2022-07-09 23:49:12,2022-07-09 23:49:14,2.844s,PASSED
delay(10),,,,2022-07-09 23:49:14,2022-07-09 23:49:24,10.005s,PASSED
"tap(findTestObject(""Home/btn_Category""), 0)",,,,2022-07-09 23:49:24,2022-07-09 23:49:25,0.279s,PASSED
delay(5),,,,2022-07-09 23:49:25,2022-07-09 23:49:30,5.007s,PASSED
"tap(findTestObject(""Category/btn_Baby Gear""), 0)",,,,2022-07-09 23:49:30,2022-07-09 23:49:30,0.215s,PASSED
delay(5),,,,2022-07-09 23:49:30,2022-07-09 23:49:35,5.006s,PASSED
"tap(findTestObject(""Baby Gear/btn_Sterilizer""), 0)",,,,2022-07-09 23:49:35,2022-07-09 23:49:35,0.240s,PASSED
delay(5),,,,2022-07-09 23:49:35,2022-07-09 23:49:40,5.006s,PASSED
"tap(findTestObject(""Checkout/btn_Add To Cart""), 0)",,,,2022-07-09 23:49:40,2022-07-09 23:49:41,0.690s,PASSED
delay(5),,,,2022-07-09 23:49:41,2022-07-09 23:49:46,5.006s,PASSED
"setText(findTestObject(""Checkout/txt_Number of Order""), ""1"", 0)",,,,2022-07-09 23:49:46,2022-07-09 23:49:47,0.737s,PASSED
delay(5),,,,2022-07-09 23:49:47,2022-07-09 23:49:52,5.004s,PASSED
"tap(findTestObject(""Checkout/btn_Add Order""), 0)",,,,2022-07-09 23:49:52,2022-07-09 23:49:52,0.190s,PASSED
delay(5),,,,2022-07-09 23:49:52,2022-07-09 23:49:57,5.005s,PASSED
"tap(findTestObject(""Checkout/btn_Cart""), 0)",,,,2022-07-09 23:49:57,2022-07-09 23:49:57,0.313s,PASSED
delay(10),,,,2022-07-09 23:49:57,2022-07-09 23:50:07,10.007s,PASSED
"tap(findTestObject(""Checkout/btn_Checkout""), 0)",,,,2022-07-09 23:50:07,2022-07-09 23:50:07,0.241s,PASSED
delay(10),,,,2022-07-09 23:50:07,2022-07-09 23:50:17,10.006s,PASSED
"tap(findTestObject(""Checkout/btn_Process Checkout (Buy)""), 0)",,,,2022-07-09 23:50:17,2022-07-09 23:50:18,0.318s,PASSED
delay(5),,,,2022-07-09 23:50:18,2022-07-09 23:50:23,5.006s,PASSED
"tap(findTestObject(""Checkout/btn_Yes (Buy)""), 0)",,,,2022-07-09 23:50:23,2022-07-09 23:50:23,0.208s,PASSED
delay(15),,,,2022-07-09 23:50:23,2022-07-09 23:50:38,15.007s,PASSED
"tap(findTestObject(""Checkout/btn_OK""), 0)",,,,2022-07-09 23:50:38,2022-07-09 23:50:38,0.242s,PASSED
delay(5),,,,2022-07-09 23:50:38,2022-07-09 23:50:43,5.007s,PASSED
closeApplication(),,,,2022-07-09 23:50:43,2022-07-09 23:50:45,2.018s,PASSED
,,,,,,,
Test Cases/Checkout/Baby Gear/CBG_005,,Checking out Stroller in Baby Gear Category,,2022-07-09 23:50:45,2022-07-09 23:52:38,1m - 52.392s,PASSED
"startApplication(""C:\Users\095068\Documents\Automation Testing with Katalon Studio\Sesi 10\Assesment3_F.X. Airell V.S.W._KSAT006ONL013\Demo EComerce\APK\ECommerce -SAMPLE-Android.apk"", true)",,,,2022-07-09 23:50:46,2022-07-09 23:51:04,18.490s,PASSED
"waitForElementPresent(findTestObject(""Home/btn_Category""), 0)",,,,2022-07-09 23:51:04,2022-07-09 23:51:07,2.289s,PASSED
delay(10),,,,2022-07-09 23:51:07,2022-07-09 23:51:17,10.008s,PASSED
"tap(findTestObject(""Home/btn_Category""), 0)",,,,2022-07-09 23:51:17,2022-07-09 23:51:17,0.248s,PASSED
delay(5),,,,2022-07-09 23:51:17,2022-07-09 23:51:22,5.004s,PASSED
"tap(findTestObject(""Category/btn_Baby Gear""), 0)",,,,2022-07-09 23:51:22,2022-07-09 23:51:22,0.238s,PASSED
delay(5),,,,2022-07-09 23:51:22,2022-07-09 23:51:27,5.005s,PASSED
"tap(findTestObject(""Baby Gear/btn_Stroller""), 0)",,,,2022-07-09 23:51:27,2022-07-09 23:51:27,0.230s,PASSED
delay(5),,,,2022-07-09 23:51:27,2022-07-09 23:51:32,5.024s,PASSED
"tap(findTestObject(""Checkout/btn_Add To Cart""), 0)",,,,2022-07-09 23:51:32,2022-07-09 23:51:33,0.888s,PASSED
delay(5),,,,2022-07-09 23:51:33,2022-07-09 23:51:38,5.006s,PASSED
"setText(findTestObject(""Checkout/txt_Number of Order""), ""1"", 0)",,,,2022-07-09 23:51:38,2022-07-09 23:51:39,0.790s,PASSED
delay(5),,,,2022-07-09 23:51:39,2022-07-09 23:51:44,5.004s,PASSED
"tap(findTestObject(""Checkout/btn_Add Order""), 0)",,,,2022-07-09 23:51:44,2022-07-09 23:51:44,0.235s,PASSED
delay(5),,,,2022-07-09 23:51:44,2022-07-09 23:51:49,5.005s,PASSED
"tap(findTestObject(""Checkout/btn_Cart""), 0)",,,,2022-07-09 23:51:49,2022-07-09 23:51:50,0.190s,PASSED
delay(10),,,,2022-07-09 23:51:50,2022-07-09 23:52:00,10.004s,PASSED
"tap(findTestObject(""Checkout/btn_Checkout""), 0)",,,,2022-07-09 23:52:00,2022-07-09 23:52:00,0.214s,PASSED
delay(10),,,,2022-07-09 23:52:00,2022-07-09 23:52:10,10.008s,PASSED
"tap(findTestObject(""Checkout/btn_Process Checkout (Buy)""), 0)",,,,2022-07-09 23:52:10,2022-07-09 23:52:10,0.253s,PASSED
delay(5),,,,2022-07-09 23:52:10,2022-07-09 23:52:15,5.007s,PASSED
"tap(findTestObject(""Checkout/btn_Yes (Buy)""), 0)",,,,2022-07-09 23:52:15,2022-07-09 23:52:15,0.215s,PASSED
delay(15),,,,2022-07-09 23:52:15,2022-07-09 23:52:30,15.007s,PASSED
"tap(findTestObject(""Checkout/btn_OK""), 0)",,,,2022-07-09 23:52:30,2022-07-09 23:52:30,0.207s,PASSED
delay(5),,,,2022-07-09 23:52:30,2022-07-09 23:52:35,5.005s,PASSED
closeApplication(),,,,2022-07-09 23:52:35,2022-07-09 23:52:38,2.088s,PASSED
