Suite/Test/Step Name,Browser,Description,Tag,Start time,End time,Duration,Status
GET Suite User ID 7,,"GET Suite for verifying all IDs is present in User ID 7 and
verifying all post contents in User ID 7",,2022-07-08 15:06:14,2022-07-08 15:06:40,25.587s,PASSED
,,,,,,,
Test Cases/GET by User/GTU_007,,Send GET request to get all posts by user ID 7,,2022-07-08 15:06:15,2022-07-08 15:06:21,5.930s,PASSED
"sendRequestAndVerify(findTestObject(""GET by User/GET Post by User ID 7""))",,,,2022-07-08 15:06:15,2022-07-08 15:06:21,5.425s,PASSED
,,,,,,,
Test Cases/GET/ID 61 - 70/GET_061,,Send GET request to get posts by post ID 61,,2022-07-08 15:06:21,2022-07-08 15:06:22,1.352s,PASSED
"sendRequestAndVerify(findTestObject(""GET/ID 61 - 70/GET Post by ID 61""))",,,,2022-07-08 15:06:21,2022-07-08 15:06:22,0.693s,PASSED
,,,,,,,
Test Cases/GET/ID 61 - 70/GET_062,,Send GET request to get posts by post ID 62,,2022-07-08 15:06:22,2022-07-08 15:06:24,2.285s,PASSED
"sendRequestAndVerify(findTestObject(""GET/ID 61 - 70/GET Post by ID 62""))",,,,2022-07-08 15:06:23,2022-07-08 15:06:24,1.257s,PASSED
,,,,,,,
Test Cases/GET/ID 61 - 70/GET_063,,Send GET request to get posts by post ID 63,,2022-07-08 15:06:24,2022-07-08 15:06:26,2.145s,PASSED
"sendRequestAndVerify(findTestObject(""GET/ID 61 - 70/GET Post by ID 63""))",,,,2022-07-08 15:06:25,2022-07-08 15:06:26,1.198s,PASSED
,,,,,,,
Test Cases/GET/ID 61 - 70/GET_064,,Send GET request to get posts by post ID 64,,2022-07-08 15:06:26,2022-07-08 15:06:28,1.722s,PASSED
"sendRequestAndVerify(findTestObject(""GET/ID 61 - 70/GET Post by ID 64""))",,,,2022-07-08 15:06:27,2022-07-08 15:06:28,0.818s,PASSED
,,,,,,,
Test Cases/GET/ID 61 - 70/GET_065,,Send GET request to get posts by post ID 65,,2022-07-08 15:06:28,2022-07-08 15:06:31,2.367s,PASSED
"sendRequestAndVerify(findTestObject(""GET/ID 61 - 70/GET Post by ID 65""))",,,,2022-07-08 15:06:29,2022-07-08 15:06:31,1.300s,PASSED
,,,,,,,
Test Cases/GET/ID 61 - 70/GET_066,,Send GET request to get posts by post ID 66,,2022-07-08 15:06:31,2022-07-08 15:06:33,2.495s,PASSED
"sendRequestAndVerify(findTestObject(""GET/ID 61 - 70/GET Post by ID 66""))",,,,2022-07-08 15:06:32,2022-07-08 15:06:33,1.132s,PASSED
,,,,,,,
Test Cases/GET/ID 61 - 70/GET_067,,Send GET request to get posts by post ID 67,,2022-07-08 15:06:33,2022-07-08 15:06:35,1.522s,PASSED
"sendRequestAndVerify(findTestObject(""GET/ID 61 - 70/GET Post by ID 67""))",,,,2022-07-08 15:06:34,2022-07-08 15:06:35,0.694s,PASSED
,,,,,,,
Test Cases/GET/ID 61 - 70/GET_068,,Send GET request to get posts by post ID 68,,2022-07-08 15:06:35,2022-07-08 15:06:37,2.063s,PASSED
"sendRequestAndVerify(findTestObject(""GET/ID 61 - 70/GET Post by ID 68""))",,,,2022-07-08 15:06:35,2022-07-08 15:06:37,1.259s,PASSED
,,,,,,,
Test Cases/GET/ID 61 - 70/GET_069,,Send GET request to get posts by post ID 69,,2022-07-08 15:06:37,2022-07-08 15:06:39,1.951s,PASSED
"sendRequestAndVerify(findTestObject(""GET/ID 61 - 70/GET Post by ID 69""))",,,,2022-07-08 15:06:38,2022-07-08 15:06:39,1.032s,PASSED
,,,,,,,
Test Cases/GET/ID 61 - 70/GET_070,,Send GET request to get posts by post ID 70,,2022-07-08 15:06:39,2022-07-08 15:06:40,1.269s,PASSED
"sendRequestAndVerify(findTestObject(""GET/ID 61 - 70/GET Post by ID 70""))",,,,2022-07-08 15:06:39,2022-07-08 15:06:40,0.611s,PASSED
