Suite/Test/Step Name,Browser,Description,Tag,Start time,End time,Duration,Status
Home and Furniture,,Checking out several Baby Gear items,,2022-07-10 00:27:56,2022-07-10 00:36:52,8m - 56.394s,FAILED
,,,,,,,
Test Cases/Checkout/Home and Furniture/CHF_001,,Checking out Bed Mosquito in Home and Furniture Category,,2022-07-10 00:27:56,2022-07-10 00:29:56,1m - 59.795s,PASSED
"startApplication(""C:\Users\095068\Documents\Automation Testing with Katalon Studio\Sesi 10\Assesment3_F.X. Airell V.S.W._KSAT006ONL013\Demo EComerce\APK\ECommerce -SAMPLE-Android.apk"", true)",,,,2022-07-10 00:27:56,2022-07-10 00:28:22,25.819s,PASSED
"waitForElementPresent(findTestObject(""Home/btn_Category""), 0)",,,,2022-07-10 00:28:22,2022-07-10 00:28:24,1.429s,PASSED
delay(10),,,,2022-07-10 00:28:24,2022-07-10 00:28:34,10.044s,PASSED
"tap(findTestObject(""Home/btn_Category""), 0)",,,,2022-07-10 00:28:34,2022-07-10 00:28:34,0.272s,PASSED
delay(5),,,,2022-07-10 00:28:34,2022-07-10 00:28:39,5.009s,PASSED
"tap(findTestObject(""Category/btn_Home and Furniture""), 0)",,,,2022-07-10 00:28:39,2022-07-10 00:28:39,0.403s,PASSED
delay(5),,,,2022-07-10 00:28:39,2022-07-10 00:28:44,5.007s,PASSED
"tap(findTestObject(""Home and Furniture/btn_Bed Mosquito""), 0)",,,,2022-07-10 00:28:44,2022-07-10 00:28:45,0.255s,PASSED
delay(5),,,,2022-07-10 00:28:45,2022-07-10 00:28:50,5.008s,PASSED
"tap(findTestObject(""Checkout/btn_Add To Cart""), 0)",,,,2022-07-10 00:28:50,2022-07-10 00:28:51,0.862s,PASSED
delay(5),,,,2022-07-10 00:28:51,2022-07-10 00:28:56,5.009s,PASSED
"setText(findTestObject(""Checkout/txt_Number of Order""), ""1"", 0)",,,,2022-07-10 00:28:56,2022-07-10 00:28:56,0.786s,PASSED
delay(5),,,,2022-07-10 00:28:56,2022-07-10 00:29:01,5.009s,PASSED
"tap(findTestObject(""Checkout/btn_Add Order""), 0)",,,,2022-07-10 00:29:01,2022-07-10 00:29:02,0.198s,PASSED
delay(5),,,,2022-07-10 00:29:02,2022-07-10 00:29:07,5.010s,PASSED
"tap(findTestObject(""Checkout/btn_Cart""), 0)",,,,2022-07-10 00:29:07,2022-07-10 00:29:07,0.220s,PASSED
delay(10),,,,2022-07-10 00:29:07,2022-07-10 00:29:17,10.008s,PASSED
"tap(findTestObject(""Checkout/btn_Checkout""), 0)",,,,2022-07-10 00:29:17,2022-07-10 00:29:17,0.271s,PASSED
delay(10),,,,2022-07-10 00:29:17,2022-07-10 00:29:27,10.006s,PASSED
"tap(findTestObject(""Checkout/btn_Process Checkout (Buy)""), 0)",,,,2022-07-10 00:29:27,2022-07-10 00:29:27,0.191s,PASSED
delay(5),,,,2022-07-10 00:29:27,2022-07-10 00:29:32,5.008s,PASSED
"tap(findTestObject(""Checkout/btn_Yes (Buy)""), 0)",,,,2022-07-10 00:29:32,2022-07-10 00:29:33,0.243s,PASSED
delay(15),,,,2022-07-10 00:29:33,2022-07-10 00:29:48,15.028s,PASSED
"tap(findTestObject(""Checkout/btn_OK""), 0)",,,,2022-07-10 00:29:48,2022-07-10 00:29:48,0.212s,PASSED
delay(5),,,,2022-07-10 00:29:48,2022-07-10 00:29:53,5.005s,PASSED
closeApplication(),,,,2022-07-10 00:29:53,2022-07-10 00:29:56,2.954s,PASSED
,,,,,,,
Test Cases/Checkout/Home and Furniture/CHF_002,,Checking out Stand Hanger in Home and Furniture Category,,2022-07-10 00:29:56,2022-07-10 00:31:07,1m - 11.183s,FAILED
"startApplication(""C:\Users\095068\Documents\Automation Testing with Katalon Studio\Sesi 10\Assesment3_F.X. Airell V.S.W._KSAT006ONL013\Demo EComerce\APK\ECommerce -SAMPLE-Android.apk"", true)",,,,2022-07-10 00:29:56,2022-07-10 00:30:19,22.348s,PASSED
"waitForElementPresent(findTestObject(""Home/btn_Category""), 0)",,,,2022-07-10 00:30:19,2022-07-10 00:30:20,1.705s,PASSED
delay(10),,,,2022-07-10 00:30:20,2022-07-10 00:30:30,10.020s,PASSED
"tap(findTestObject(""Home/btn_Category""), 0)",,,,2022-07-10 00:30:30,2022-07-10 00:30:31,0.322s,PASSED
delay(5),,,,2022-07-10 00:30:31,2022-07-10 00:30:36,5.006s,PASSED
"tap(findTestObject(""Category/btn_Home and Furniture""), 0)",,,,2022-07-10 00:30:36,2022-07-10 00:31:07,31.127s,FAILED
,,,,,,,
Test Cases/Checkout/Home and Furniture/CHF_003,,Checking out Tumbler Light in Home and Furniture Category,,2022-07-10 00:31:07,2022-07-10 00:33:00,1m - 53.101s,PASSED
"startApplication(""C:\Users\095068\Documents\Automation Testing with Katalon Studio\Sesi 10\Assesment3_F.X. Airell V.S.W._KSAT006ONL013\Demo EComerce\APK\ECommerce -SAMPLE-Android.apk"", true)",,,,2022-07-10 00:31:08,2022-07-10 00:31:25,17.460s,PASSED
"waitForElementPresent(findTestObject(""Home/btn_Category""), 0)",,,,2022-07-10 00:31:25,2022-07-10 00:31:28,2.811s,PASSED
delay(10),,,,2022-07-10 00:31:28,2022-07-10 00:31:38,10.016s,PASSED
"tap(findTestObject(""Home/btn_Category""), 0)",,,,2022-07-10 00:31:38,2022-07-10 00:31:38,0.293s,PASSED
delay(5),,,,2022-07-10 00:31:38,2022-07-10 00:31:43,5.011s,PASSED
"tap(findTestObject(""Category/btn_Home and Furniture""), 0)",,,,2022-07-10 00:31:43,2022-07-10 00:31:44,0.214s,PASSED
delay(5),,,,2022-07-10 00:31:44,2022-07-10 00:31:49,5.005s,PASSED
"tap(findTestObject(""Home and Furniture/btn_Tumbler Light""), 0)",,,,2022-07-10 00:31:49,2022-07-10 00:31:49,0.294s,PASSED
delay(5),,,,2022-07-10 00:31:49,2022-07-10 00:31:54,5.007s,PASSED
"tap(findTestObject(""Checkout/btn_Add To Cart""), 0)",,,,2022-07-10 00:31:54,2022-07-10 00:31:55,0.703s,PASSED
delay(5),,,,2022-07-10 00:31:55,2022-07-10 00:32:00,5.006s,PASSED
"setText(findTestObject(""Checkout/txt_Number of Order""), ""1"", 0)",,,,2022-07-10 00:32:00,2022-07-10 00:32:00,0.744s,PASSED
delay(5),,,,2022-07-10 00:32:00,2022-07-10 00:32:05,5.003s,PASSED
"tap(findTestObject(""Checkout/btn_Add Order""), 0)",,,,2022-07-10 00:32:05,2022-07-10 00:32:06,0.304s,PASSED
delay(5),,,,2022-07-10 00:32:06,2022-07-10 00:32:11,5.009s,PASSED
"tap(findTestObject(""Checkout/btn_Cart""), 0)",,,,2022-07-10 00:32:11,2022-07-10 00:32:11,0.335s,PASSED
delay(10),,,,2022-07-10 00:32:11,2022-07-10 00:32:21,10.022s,PASSED
"tap(findTestObject(""Checkout/btn_Checkout""), 0)",,,,2022-07-10 00:32:21,2022-07-10 00:32:21,0.295s,PASSED
delay(10),,,,2022-07-10 00:32:21,2022-07-10 00:32:31,10.009s,PASSED
"tap(findTestObject(""Checkout/btn_Process Checkout (Buy)""), 0)",,,,2022-07-10 00:32:31,2022-07-10 00:32:32,0.356s,PASSED
delay(5),,,,2022-07-10 00:32:32,2022-07-10 00:32:37,5.009s,PASSED
"tap(findTestObject(""Checkout/btn_Yes (Buy)""), 0)",,,,2022-07-10 00:32:37,2022-07-10 00:32:37,0.264s,PASSED
delay(15),,,,2022-07-10 00:32:37,2022-07-10 00:32:52,15.048s,PASSED
"tap(findTestObject(""Checkout/btn_OK""), 0)",,,,2022-07-10 00:32:52,2022-07-10 00:32:52,0.331s,PASSED
delay(5),,,,2022-07-10 00:32:52,2022-07-10 00:32:57,5.012s,PASSED
closeApplication(),,,,2022-07-10 00:32:57,2022-07-10 00:33:00,2.761s,PASSED
,,,,,,,
Test Cases/Checkout/Home and Furniture/CHF_004,,Checking out Vacuum Cleaner in Home and Furniture Category,,2022-07-10 00:33:00,2022-07-10 00:34:57,1m - 57.240s,PASSED
"startApplication(""C:\Users\095068\Documents\Automation Testing with Katalon Studio\Sesi 10\Assesment3_F.X. Airell V.S.W._KSAT006ONL013\Demo EComerce\APK\ECommerce -SAMPLE-Android.apk"", true)",,,,2022-07-10 00:33:01,2022-07-10 00:33:22,21.143s,PASSED
"waitForElementPresent(findTestObject(""Home/btn_Category""), 0)",,,,2022-07-10 00:33:22,2022-07-10 00:33:25,2.799s,PASSED
delay(10),,,,2022-07-10 00:33:25,2022-07-10 00:33:35,10.013s,PASSED
"tap(findTestObject(""Home/btn_Category""), 0)",,,,2022-07-10 00:33:35,2022-07-10 00:33:35,0.334s,PASSED
delay(5),,,,2022-07-10 00:33:35,2022-07-10 00:33:40,5.009s,PASSED
"tap(findTestObject(""Category/btn_Home and Furniture""), 0)",,,,2022-07-10 00:33:40,2022-07-10 00:33:41,0.329s,PASSED
delay(5),,,,2022-07-10 00:33:41,2022-07-10 00:33:46,5.008s,PASSED
"tap(findTestObject(""Home and Furniture/btn_Vacuum Cleaner""), 0)",,,,2022-07-10 00:33:46,2022-07-10 00:33:46,0.358s,PASSED
delay(5),,,,2022-07-10 00:33:46,2022-07-10 00:33:51,5.006s,PASSED
"tap(findTestObject(""Checkout/btn_Add To Cart""), 0)",,,,2022-07-10 00:33:51,2022-07-10 00:33:52,0.788s,PASSED
delay(5),,,,2022-07-10 00:33:52,2022-07-10 00:33:57,5.011s,PASSED
"setText(findTestObject(""Checkout/txt_Number of Order""), ""1"", 0)",,,,2022-07-10 00:33:57,2022-07-10 00:33:58,0.910s,PASSED
delay(5),,,,2022-07-10 00:33:58,2022-07-10 00:34:03,5.009s,PASSED
"tap(findTestObject(""Checkout/btn_Add Order""), 0)",,,,2022-07-10 00:34:03,2022-07-10 00:34:03,0.297s,PASSED
delay(5),,,,2022-07-10 00:34:03,2022-07-10 00:34:08,5.010s,PASSED
"tap(findTestObject(""Checkout/btn_Cart""), 0)",,,,2022-07-10 00:34:08,2022-07-10 00:34:08,0.366s,PASSED
delay(10),,,,2022-07-10 00:34:08,2022-07-10 00:34:18,10.013s,PASSED
"tap(findTestObject(""Checkout/btn_Checkout""), 0)",,,,2022-07-10 00:34:18,2022-07-10 00:34:19,0.285s,PASSED
delay(10),,,,2022-07-10 00:34:19,2022-07-10 00:34:29,10.012s,PASSED
"tap(findTestObject(""Checkout/btn_Process Checkout (Buy)""), 0)",,,,2022-07-10 00:34:29,2022-07-10 00:34:29,0.364s,PASSED
delay(5),,,,2022-07-10 00:34:29,2022-07-10 00:34:34,5.008s,PASSED
"tap(findTestObject(""Checkout/btn_Yes (Buy)""), 0)",,,,2022-07-10 00:34:34,2022-07-10 00:34:34,0.247s,PASSED
delay(15),,,,2022-07-10 00:34:34,2022-07-10 00:34:49,15.019s,PASSED
"tap(findTestObject(""Checkout/btn_OK""), 0)",,,,2022-07-10 00:34:49,2022-07-10 00:34:50,0.250s,PASSED
delay(5),,,,2022-07-10 00:34:50,2022-07-10 00:34:55,5.009s,PASSED
closeApplication(),,,,2022-07-10 00:34:55,2022-07-10 00:34:57,2.793s,PASSED
,,,,,,,
Test Cases/Checkout/Home and Furniture/CHF_005,,Checking out Wall Shelves in Home and Furniture Category,,2022-07-10 00:34:57,2022-07-10 00:36:52,1m - 54.623s,PASSED
"startApplication(""C:\Users\095068\Documents\Automation Testing with Katalon Studio\Sesi 10\Assesment3_F.X. Airell V.S.W._KSAT006ONL013\Demo EComerce\APK\ECommerce -SAMPLE-Android.apk"", true)",,,,2022-07-10 00:34:58,2022-07-10 00:35:18,20.210s,PASSED
"waitForElementPresent(findTestObject(""Home/btn_Category""), 0)",,,,2022-07-10 00:35:18,2022-07-10 00:35:21,2.814s,PASSED
delay(10),,,,2022-07-10 00:35:21,2022-07-10 00:35:31,10.006s,PASSED
"tap(findTestObject(""Home/btn_Category""), 0)",,,,2022-07-10 00:35:31,2022-07-10 00:35:31,0.244s,PASSED
delay(5),,,,2022-07-10 00:35:31,2022-07-10 00:35:36,5.006s,PASSED
"tap(findTestObject(""Category/btn_Home and Furniture""), 0)",,,,2022-07-10 00:35:36,2022-07-10 00:35:37,0.263s,PASSED
delay(5),,,,2022-07-10 00:35:37,2022-07-10 00:35:42,5.005s,PASSED
"tap(findTestObject(""Home and Furniture/btn_Wall Shelves""), 0)",,,,2022-07-10 00:35:42,2022-07-10 00:35:42,0.384s,PASSED
delay(5),,,,2022-07-10 00:35:42,2022-07-10 00:35:47,5.004s,PASSED
"tap(findTestObject(""Checkout/btn_Add To Cart""), 0)",,,,2022-07-10 00:35:47,2022-07-10 00:35:48,0.745s,PASSED
delay(5),,,,2022-07-10 00:35:48,2022-07-10 00:35:53,5.013s,PASSED
"setText(findTestObject(""Checkout/txt_Number of Order""), ""1"", 0)",,,,2022-07-10 00:35:53,2022-07-10 00:35:54,0.724s,PASSED
delay(5),,,,2022-07-10 00:35:54,2022-07-10 00:35:59,5.006s,PASSED
"tap(findTestObject(""Checkout/btn_Add Order""), 0)",,,,2022-07-10 00:35:59,2022-07-10 00:35:59,0.189s,PASSED
delay(5),,,,2022-07-10 00:35:59,2022-07-10 00:36:04,5.008s,PASSED
"tap(findTestObject(""Checkout/btn_Cart""), 0)",,,,2022-07-10 00:36:04,2022-07-10 00:36:04,0.204s,PASSED
delay(10),,,,2022-07-10 00:36:04,2022-07-10 00:36:14,10.004s,PASSED
"tap(findTestObject(""Checkout/btn_Checkout""), 0)",,,,2022-07-10 00:36:14,2022-07-10 00:36:14,0.191s,PASSED
delay(10),,,,2022-07-10 00:36:14,2022-07-10 00:36:24,10.005s,PASSED
"tap(findTestObject(""Checkout/btn_Process Checkout (Buy)""), 0)",,,,2022-07-10 00:36:24,2022-07-10 00:36:24,0.232s,PASSED
delay(5),,,,2022-07-10 00:36:24,2022-07-10 00:36:29,5.009s,PASSED
"tap(findTestObject(""Checkout/btn_Yes (Buy)""), 0)",,,,2022-07-10 00:36:29,2022-07-10 00:36:30,0.256s,PASSED
delay(15),,,,2022-07-10 00:36:30,2022-07-10 00:36:45,15.005s,PASSED
"tap(findTestObject(""Checkout/btn_OK""), 0)",,,,2022-07-10 00:36:45,2022-07-10 00:36:45,0.237s,PASSED
delay(5),,,,2022-07-10 00:36:45,2022-07-10 00:36:50,5.008s,PASSED
closeApplication(),,,,2022-07-10 00:36:50,2022-07-10 00:36:52,1.999s,PASSED
