Suite/Test/Step Name,Browser,Description,Tag,Start time,End time,Duration,Status
GET Suite User ID 4,,"GET Suite for verifying all IDs is present in User ID 4 and
verifying all post contents in User ID 4",,2022-07-08 15:05:25,2022-07-08 15:05:43,17.568s,PASSED
,,,,,,,
Test Cases/GET by User/GTU_004,,Send GET request to get all posts by user ID 4,,2022-07-08 15:05:26,2022-07-08 15:05:33,6.926s,PASSED
"sendRequestAndVerify(findTestObject(""GET by User/GET Post by User ID 4""))",,,,2022-07-08 15:05:27,2022-07-08 15:05:33,5.920s,PASSED
,,,,,,,
Test Cases/GET/ID 31 - 40/GET_031,,Send GET request to get posts by post ID 31,,2022-07-08 15:05:33,2022-07-08 15:05:34,0.948s,PASSED
"sendRequestAndVerify(findTestObject(""GET/ID 31 - 40/GET Post by ID 31""))",,,,2022-07-08 15:05:33,2022-07-08 15:05:34,0.461s,PASSED
,,,,,,,
Test Cases/GET/ID 31 - 40/GET_032,,Send GET request to get posts by post ID 32,,2022-07-08 15:05:34,2022-07-08 15:05:35,0.874s,PASSED
"sendRequestAndVerify(findTestObject(""GET/ID 31 - 40/GET Post by ID 32""))",,,,2022-07-08 15:05:34,2022-07-08 15:05:35,0.498s,PASSED
,,,,,,,
Test Cases/GET/ID 31 - 40/GET_033,,Send GET request to get posts by post ID 33,,2022-07-08 15:05:35,2022-07-08 15:05:36,1.218s,PASSED
"sendRequestAndVerify(findTestObject(""GET/ID 31 - 40/GET Post by ID 33""))",,,,2022-07-08 15:05:35,2022-07-08 15:05:36,0.612s,PASSED
,,,,,,,
Test Cases/GET/ID 31 - 40/GET_034,,Send GET request to get posts by post ID 34,,2022-07-08 15:05:36,2022-07-08 15:05:38,1.520s,PASSED
"sendRequestAndVerify(findTestObject(""GET/ID 31 - 40/GET Post by ID 34""))",,,,2022-07-08 15:05:37,2022-07-08 15:05:38,0.942s,PASSED
,,,,,,,
Test Cases/GET/ID 31 - 40/GET_035,,Send GET request to get posts by post ID 35,,2022-07-08 15:05:38,2022-07-08 15:05:38,0.878s,PASSED
"sendRequestAndVerify(findTestObject(""GET/ID 31 - 40/GET Post by ID 35""))",,,,2022-07-08 15:05:38,2022-07-08 15:05:38,0.397s,PASSED
,,,,,,,
Test Cases/GET/ID 31 - 40/GET_036,,Send GET request to get posts by post ID 36,,2022-07-08 15:05:38,2022-07-08 15:05:39,0.728s,PASSED
"sendRequestAndVerify(findTestObject(""GET/ID 31 - 40/GET Post by ID 36""))",,,,2022-07-08 15:05:39,2022-07-08 15:05:39,0.449s,PASSED
,,,,,,,
Test Cases/GET/ID 31 - 40/GET_037,,Send GET request to get posts by post ID 37,,2022-07-08 15:05:39,2022-07-08 15:05:40,0.860s,PASSED
"sendRequestAndVerify(findTestObject(""GET/ID 31 - 40/GET Post by ID 37""))",,,,2022-07-08 15:05:40,2022-07-08 15:05:40,0.486s,PASSED
,,,,,,,
Test Cases/GET/ID 31 - 40/GET_038,,Send GET request to get posts by post ID 38,,2022-07-08 15:05:40,2022-07-08 15:05:41,0.900s,PASSED
"sendRequestAndVerify(findTestObject(""GET/ID 31 - 40/GET Post by ID 38""))",,,,2022-07-08 15:05:40,2022-07-08 15:05:41,0.535s,PASSED
,,,,,,,
Test Cases/GET/ID 31 - 40/GET_039,,Send GET request to get posts by post ID 39,,2022-07-08 15:05:41,2022-07-08 15:05:42,0.811s,PASSED
"sendRequestAndVerify(findTestObject(""GET/ID 31 - 40/GET Post by ID 39""))",,,,2022-07-08 15:05:41,2022-07-08 15:05:42,0.444s,PASSED
,,,,,,,
Test Cases/GET/ID 31 - 40/GET_040,,Send GET request to get posts by post ID 40,,2022-07-08 15:05:42,2022-07-08 15:05:43,1.231s,PASSED
"sendRequestAndVerify(findTestObject(""GET/ID 31 - 40/GET Post by ID 40""))",,,,2022-07-08 15:05:42,2022-07-08 15:05:43,0.901s,PASSED
